objectid,Station ID,Station Name,Station ID DOMO,Has Kiosk,Dock Count,Station Latitude,Station Longitude,Region_ID,shape,supervisor_district,analysis_neighborhood,data_loaded_at,data_as_of
4,31,Raymond Kimbell Playground,SF-G19,true,31,37.78381271,-122.43455887,3,POINT (-122.434558868 37.783812709),5,Western Addition,01/18/2024 03:30:44 PM,01/18/2024 03:28:35 PM
27,29,O'Farrell St at Divisadero St,SF-H18,true,27,37.7824046,-122.43944585,3,POINT (-122.439445853 37.782404602),5,Western Addition,01/18/2024 03:30:44 PM,01/18/2024 03:28:35 PM
36,39,Scott St at Golden Gate Ave,SF-I19,true,27,37.778999400000004,-122.4368608,3,POINT (-122.4368608 37.7789994),5,Western Addition,01/18/2024 03:30:44 PM,01/18/2024 03:28:35 PM
41,54,Alamo Square (Steiner St at Fulton St),SF-J19,true,23,37.77754677,-122.43327409,3,POINT (-122.43327409 37.77754677),5,Western Addition,01/18/2024 03:30:44 PM,01/18/2024 03:28:35 PM
217,285,Webster St at O'Farrell St,SF-H20,true,27,37.78352084,-122.43115783,3,POINT (-122.431157827 37.783520835),5,Western Addition,01/18/2024 03:30:44 PM,01/18/2024 03:28:35 PM
310,383,Golden Gate Ave at Franklin St,SF-I22,true,31,37.780819,-122.4217875,3,POINT (-122.4217875 37.780819),5,Western Addition,01/18/2024 03:30:44 PM,01/18/2024 03:28:35 PM
321,365,Turk St at Fillmore St,SF-I20,true,23,37.78045006,-122.4319464,3,POINT (-122.431946397 37.78045006),5,Western Addition,01/18/2024 03:30:44 PM,01/18/2024 03:28:35 PM
416,469,Ellis St at Pierce St,SF-H19,true,27,37.78198169,-122.43576989,3,POINT (-122.435769886 37.781981688),5,Western Addition,01/18/2024 03:30:44 PM,01/18/2024 03:28:35 PM
464,508,St. Joseph's Ave at Geary Blvd,SF-H17,true,27,37.78255087,-122.4423252,3,POINT (-122.442325205 37.782550873),2,Western Addition,01/18/2024 03:30:44 PM,01/18/2024 03:28:35 PM
352,433,Gennessee St at Monterey Blvd,SF-W14,true,15,37.73165669,-122.45112151,3,POINT (-122.451121509 37.73165669),7,West of Twin Peaks,01/18/2024 03:30:44 PM,01/18/2024 03:28:35 PM
366,431,Judson Ave at Gennessee St,SF-X14,true,27,37.72828159,-122.45069504,3,POINT (-122.450695038 37.728281592),7,West of Twin Peaks,01/18/2024 03:30:44 PM,01/18/2024 03:28:35 PM
414,498,Frida Kahlo Way at Cloud Cir,SF-Y14,true,23,37.72588979,-122.45244384,3,POINT (-122.452443838 37.725889789),7,West of Twin Peaks,01/18/2024 03:30:44 PM,01/18/2024 03:28:35 PM
370,412,Glen Park BART Station,SF-W19,true,40,37.7328128,-122.43414044,3,POINT (-122.434140444 37.732812801),8,West of Twin Peaks,01/18/2024 03:30:44 PM,01/18/2024 03:28:35 PM
40,58,Market St at 10th St,SF-J23-1,true,31,37.776619,-122.417385,3,POINT (-122.417385 37.776619),6,South of Market,01/18/2024 03:30:44 PM,01/18/2024 03:28:35 PM
43,61,Howard St at 8th St,SF-J25,true,27,37.7765126,-122.4113061,3,POINT (-122.4113061 37.7765126),6,South of Market,01/18/2024 03:30:44 PM,01/18/2024 03:28:35 PM
47,60,8th St at Ringold St,SF-J24,true,31,37.7745204,-122.40944937,3,POINT (-122.409449369 37.774520401),6,South of Market,01/18/2024 03:30:44 PM,01/18/2024 03:28:35 PM
52,44,Civic Center/UN Plaza BART Station (Market St at McAllister St),SF-I25,true,31,37.7810737,-122.4117382,3,POINT (-122.4117382 37.7810737),6,South of Market,01/18/2024 03:30:44 PM,01/18/2024 03:28:35 PM
53,63,Bryant St at 6th St,SF-J27,true,19,37.7758375,-122.402694,3,POINT (-122.402694 37.7758375),6,South of Market,01/18/2024 03:30:44 PM,01/18/2024 03:28:35 PM
55,79,7th St at Brannan St,SF-K27,true,18,37.7734919,-122.4036725,3,POINT (-122.4036725 37.7734919),6,South of Market,01/18/2024 03:30:44 PM,01/18/2024 03:28:35 PM
56,77,11th St at Natoma St,SF-K24,true,19,37.7735069,-122.4160402,3,POINT (-122.4160402 37.7735069),6,South of Market,01/18/2024 03:30:44 PM,01/18/2024 03:28:35 PM
59,62,Victoria Manalo Draves Park,SF-J26,true,15,37.77779057,-122.40643188,3,POINT (-122.406431884 37.77779057),6,South of Market,01/18/2024 03:30:44 PM,01/18/2024 03:28:35 PM
61,78,Folsom St at 9th St,SF-K25,true,27,37.7737172,-122.4116467,3,POINT (-122.4116467 37.7737172),6,South of Market,01/18/2024 03:30:44 PM,01/18/2024 03:28:35 PM
67,64,5th St at Brannan St,SF-J28,true,0,37.7767539,-122.3990176,3,POINT (-122.3990176 37.7767539),6,South of Market,01/18/2024 03:30:44 PM,01/18/2024 03:28:35 PM
69,47,4th St at Harrison St,SF-I28,true,31,37.7811944,-122.3999862,3,POINT (-122.3999862 37.7811944),6,South of Market,01/18/2024 03:30:44 PM,01/18/2024 03:28:35 PM
113,90,Townsend St at 7th St,SF-L27,true,27,37.771058,-122.402717,3,POINT (-122.402717 37.771058),6,South of Market,01/18/2024 03:30:44 PM,01/18/2024 03:28:35 PM
281,321,Folsom St at 5th St,SF-I27,true,31,37.78064509,-122.40286589,3,POINT (-122.402865887 37.780645093),6,South of Market,01/18/2024 03:30:44 PM,01/18/2024 03:28:35 PM
307,349,Howard St at 6th St,SF-I26-,true,27,37.7802645,-122.4066435,3,POINT (-122.4066435 37.7802645),6,South of Market,01/18/2024 03:30:44 PM,01/18/2024 03:28:35 PM
329,350,8th St at Brannan St,SF-K26,true,31,37.77143136,-122.40578681,3,POINT (-122.405786812 37.771431363),6,South of Market,01/18/2024 03:30:44 PM,01/18/2024 03:28:35 PM
372,453,Brannan St at 4th St,SF-J28-2,true,19,37.77793367,-122.39697307,3,POINT (-122.396973073 37.77793367),6,South of Market,01/18/2024 03:30:44 PM,01/18/2024 03:28:35 PM
383,446,Mint St at Mission St,SF-H26-2,true,15,37.78227953,-122.40731299,3,POINT (-122.407312989 37.78227953),6,South of Market,01/18/2024 03:30:44 PM,01/18/2024 03:28:35 PM
408,482,Brannan St at 7th St,SF-K27-2,true,23,37.772712,-122.4035775,3,POINT (-122.4035775 37.772712),6,South of Market,01/18/2024 03:30:44 PM,01/18/2024 03:28:35 PM
430,493,Folsom St at 7th St,SF-J26-2,true,19,37.77666378,-122.40790844,3,POINT (-122.40790844 37.776663783),6,South of Market,01/18/2024 03:30:44 PM,01/18/2024 03:28:35 PM
462,519,Townsend St at 6th St,SF-K28-3,true,23,37.773238,-122.399998,3,POINT (-122.399998 37.773238),6,South of Market,01/18/2024 03:30:44 PM,01/18/2024 03:28:35 PM
394,456,Arguello Blvd at Geary Blvd,SF-G13,true,19,37.78146762,-122.45880604,3,POINT (-122.458806038 37.781467615),2,Presidio Heights,01/18/2024 03:30:44 PM,01/18/2024 03:28:35 PM
449,517,Spruce St at California St,SF-F15,true,24,37.7865785,-122.45342284,3,POINT (-122.453422844 37.7865785),2,Presidio Heights,01/18/2024 03:30:44 PM,01/18/2024 03:28:35 PM
450,514,Laurel St at California St,SF-F16,true,23,37.7866115,-122.4500525,3,POINT (-122.4500525 37.7866115),2,Presidio Heights,01/18/2024 03:30:44 PM,01/18/2024 03:28:35 PM
74,126,Esprit Park,SF-O30,true,31,37.7616343,-122.3906477,3,POINT (-122.3906477 37.7616343),10,Potrero Hill,01/18/2024 03:30:44 PM,01/18/2024 03:28:35 PM
85,114,Rhode Island St at 17th St,SF-N27,true,19,37.7644783,-122.4025701,3,POINT (-122.4025701 37.7644783),10,Potrero Hill,01/18/2024 03:30:44 PM,01/18/2024 03:28:35 PM
93,115,Jackson Playground,SF-N28,true,27,37.764965,-122.3990255,3,POINT (-122.3990255 37.764965),10,Potrero Hill,01/18/2024 03:30:44 PM,01/18/2024 03:28:35 PM
95,116,Mississippi St at 17th St,SF-N29,true,31,37.764793999999995,-122.3947595,3,POINT (-122.3947595 37.764794),10,Potrero Hill,01/18/2024 03:30:44 PM,01/18/2024 03:28:35 PM
112,130,22nd St Caltrain Station,SF-P30,true,35,37.75770404,-122.39188492,3,POINT (-122.391884923 37.757704041),10,Potrero Hill,01/18/2024 03:30:44 PM,01/18/2024 03:28:35 PM
295,355,23rd St at Tennessee St,SF-Q30,true,31,37.75536713,-122.38879502,3,POINT (-122.388795018 37.755367132),10,Potrero Hill,01/18/2024 03:30:44 PM,01/18/2024 03:28:35 PM
320,376,Illinois St at 20th St,SF-O30-2,true,19,37.7603435,-122.387449,3,POINT (-122.387449 37.7603435),10,Potrero Hill,01/18/2024 03:30:44 PM,01/18/2024 03:28:35 PM
293,352,Goettingen St at Bacon St,SF-Y25,true,23,37.72694297,-122.40659952,3,POINT (-122.406599522 37.726942966),9,Portola,01/18/2024 03:30:44 PM,01/18/2024 03:28:35 PM
390,480,Steiner St at California St,SF-F19,true,19,37.78856891,-122.43540108,3,POINT (-122.435401082 37.788568914),2,Pacific Heights,01/18/2024 03:30:44 PM,01/18/2024 03:28:35 PM
418,492,Webster St at Clay St,SF-E20,true,19,37.79080303,-122.43259013,3,POINT (-122.432590127 37.790803032),2,Pacific Heights,01/18/2024 03:30:44 PM,01/18/2024 03:28:35 PM
420,479,Washington St at Van Ness Ave,SF-E22,false,3,37.79297985,-122.42330164,3,POINT (-122.423301637 37.792979855),2,Pacific Heights,01/18/2024 03:30:44 PM,01/18/2024 03:28:35 PM
440,523,Lafayette Park (Laguna St at Washington St),SF-E21,false,0,37.791965999999995,-122.429315,,POINT (-122.429315 37.791966),2,Pacific Heights,01/18/2024 03:30:44 PM,01/18/2024 03:28:35 PM
441,512,Divisadero St at Clay St,SF-E18,true,19,37.7895875,-122.440683,3,POINT (-122.440683 37.7895875),2,Pacific Heights,01/18/2024 03:30:44 PM,01/18/2024 03:28:35 PM
389,477,17th Ave at Geary Blvd,SF-G9,true,23,37.78071989,-122.4761036,3,POINT (-122.476103604 37.780719886),1,Outer Richmond,01/18/2024 03:30:44 PM,01/18/2024 03:28:35 PM
392,474,14th Ave at Geary Blvd,SF-G10-2,true,27,37.780364,-122.4728095,3,POINT (-122.4728095 37.780364),1,Outer Richmond,01/18/2024 03:30:44 PM,01/18/2024 03:28:35 PM
432,532,38th Ave at Balboa St,SF-J3,true,18,37.775521999999995,-122.498498,3,POINT (-122.498498 37.775522),1,Outer Richmond,01/18/2024 03:30:44 PM,01/18/2024 03:28:35 PM
433,543,Great Hwy at Balboa St,SF-H0,true,27,37.775211,-122.511208,3,POINT (-122.511208 37.775211),1,Outer Richmond,01/18/2024 03:30:44 PM,01/18/2024 03:28:35 PM
434,525,21st Ave at Geary Blvd,SF-G8,true,18,37.780111,-122.480389,3,POINT (-122.480389 37.780111),1,Outer Richmond,01/18/2024 03:30:44 PM,01/18/2024 03:28:35 PM
435,515,18th Ave at California St,SF-F9,true,23,37.785111,-122.477667,3,POINT (-122.477667 37.785111),1,Outer Richmond,01/18/2024 03:30:44 PM,01/18/2024 03:28:35 PM
437,524,34th Ave at Balboa St,SF-J5,true,19,37.775681,-122.494064,3,POINT (-122.494064 37.775681),1,Outer Richmond,01/18/2024 03:30:44 PM,01/18/2024 03:28:35 PM
447,516,Clement St at 32nd Ave,SF-G5,true,23,37.781721999999995,-122.49284399999999,3,POINT (-122.492844 37.781722),1,Outer Richmond,01/18/2024 03:30:44 PM,01/18/2024 03:28:35 PM
455,521,48th Ave at Cabrillo St,SF-J1,true,23,37.772954,-122.509071,3,POINT (-122.509071 37.772954),1,Outer Richmond,01/18/2024 03:30:44 PM,01/18/2024 03:28:35 PM
460,520,23rd Ave at Clement St,SF-G7,true,19,37.7819295,-122.4827855,3,POINT (-122.4827855 37.7819295),1,Outer Richmond,01/18/2024 03:30:44 PM,01/18/2024 03:28:35 PM
469,531,28th Ave at Geary Blvd,SF-G6,true,19,37.779672999999995,-122.48797,3,POINT (-122.48797 37.779673),1,Outer Richmond,01/18/2024 03:30:44 PM,01/18/2024 03:28:35 PM
382,413,Balboa Park BART Station,SF-AA15,true,19,37.72055499,-122.44772315,3,POINT (-122.44772315 37.720554989),11,Outer Mission,01/18/2024 03:30:44 PM,01/18/2024 03:28:35 PM
388,497,Alemany Blvd at Silver Ave,SF-X19,true,19,37.73017447,-122.4328959,3,POINT (-122.432895899 37.730174469),11,Outer Mission,01/18/2024 03:30:44 PM,01/18/2024 03:28:35 PM
439,501,Balboa Park (San Jose Ave at Sgt. John V. Young Ln,SF-Y16,false,0,37.72489268,-122.4432385,,POINT (-122.443238497 37.724892684),11,Outer Mission,01/18/2024 03:30:44 PM,01/18/2024 03:28:35 PM
457,504,Onondaga Ave at Alemany Blvd,SF-AA17,false,0,37.72154367,-122.43830323,,POINT (-122.438303232 37.721543666),11,Outer Mission,01/18/2024 03:30:44 PM,01/18/2024 03:28:35 PM
461,502,Delano Ave at Oneida Ave,SF-Z16,true,24,37.72238229,-122.44380981,3,POINT (-122.443809807 37.722382293),11,Outer Mission,01/18/2024 03:30:44 PM,01/18/2024 03:28:35 PM
284,323,Broadway at Kearny St,SF-C26-1,true,15,37.79801364,-122.40595043,3,POINT (-122.405950427 37.798013644),3,North Beach,01/18/2024 03:30:44 PM,01/18/2024 03:28:35 PM
296,371,Lombard St at Columbus Ave,SF-B25,true,19,37.80274615,-122.41357863,3,POINT (-122.413578629 37.802746153),3,North Beach,01/18/2024 03:30:44 PM,01/18/2024 03:28:35 PM
141,142,Guerrero Park,SF-S22-2,true,15,37.7457388,-122.42214024,3,POINT (-122.422140241 37.745738796),9,Noe Valley,01/18/2024 03:30:44 PM,01/18/2024 03:28:35 PM
82,131,22nd St at Dolores St,SF-Q21-1,true,23,37.75499463,-122.4258368,3,POINT (-122.4258368 37.75499463),8,Noe Valley,01/18/2024 03:30:44 PM,01/18/2024 03:28:35 PM
94,132,24th St at Chattanooga St,SF-Q21-2,true,19,37.7518194,-122.4266139,3,POINT (-122.4266139 37.7518194),8,Noe Valley,01/18/2024 03:30:44 PM,01/18/2024 03:28:35 PM
119,137,Jersey St at Castro St,SF-R19,true,19,37.750506,-122.4339496,3,POINT (-122.4339496 37.750506),8,Noe Valley,01/18/2024 03:30:44 PM,01/18/2024 03:28:35 PM
124,145,29th St at Church St,SF-T20,true,15,37.7436839,-122.4268059,3,POINT (-122.4268059 37.7436839),8,Noe Valley,01/18/2024 03:30:44 PM,01/18/2024 03:28:35 PM
138,140,Cesar Chavez St at Dolores St,SF-S21,true,15,37.7478584,-122.4249863,3,POINT (-122.4249863 37.7478584),8,Noe Valley,01/18/2024 03:30:44 PM,01/18/2024 03:28:35 PM
139,138,Jersey St at Church St,SF-R20,true,19,37.7509004,-122.4274114,3,POINT (-122.4274114 37.7509004),8,Noe Valley,01/18/2024 03:30:44 PM,01/18/2024 03:28:35 PM
37,70,Central Ave at Fell St,SF-K17,true,31,37.7735622,-122.4425712,3,POINT (-122.4425712 37.7735622),5,Lone Mountain/USF,01/18/2024 03:30:44 PM,01/18/2024 03:28:35 PM
316,375,Grove St at Masonic Ave,SF-J16,true,31,37.774803999999996,-122.44664900000001,3,POINT (-122.446649 37.774804),5,Lone Mountain/USF,01/18/2024 03:30:44 PM,01/18/2024 03:28:35 PM
70,51,Parker Ave at McAllister St,SF-J15,true,27,37.77610091,-122.45309293,3,POINT (-122.453092933 37.776100913),1,Lone Mountain/USF,01/18/2024 03:30:44 PM,01/18/2024 03:28:35 PM
300,380,Masonic Ave at Turk St,SF-I16,true,23,37.77904666,-122.44729131,3,POINT (-122.447291315 37.779046658),1,Lone Mountain/USF,01/18/2024 03:30:44 PM,01/18/2024 03:28:35 PM
421,455,McAllister St at Arguello Blvd,SF-J13,true,19,37.775328,-122.45810399999999,3,POINT (-122.458104 37.775328),1,Lone Mountain/USF,01/18/2024 03:30:44 PM,01/18/2024 03:28:35 PM
428,471,Turk Blvd at Stanyan St,SF-J14,true,21,37.77760931,-122.45462179,3,POINT (-122.454621792 37.77760931),1,Lone Mountain/USF,01/18/2024 03:30:44 PM,01/18/2024 03:28:35 PM
429,486,Arguello Blvd at Edward St,SF-H13,true,19,37.77848699,-122.45864511,3,POINT (-122.458645105 37.778486986),1,Lone Mountain/USF,01/18/2024 03:30:44 PM,01/18/2024 03:28:35 PM
453,511,Anza St at Collins St,SF-H15,true,29,37.78068,-122.450012,3,POINT (-122.450012 37.78068),1,Lone Mountain/USF,01/18/2024 03:30:44 PM,01/18/2024 03:28:35 PM
42,52,McAllister St at Baker St,SF-J17,true,27,37.7774157,-122.4418376,3,POINT (-122.4418376 37.7774157),2,Lone Mountain/USF,01/18/2024 03:30:44 PM,01/18/2024 03:28:35 PM
409,481,O'Farrell St at Masonic Ave,SF-H16,true,27,37.78113055,-122.44737446,3,POINT (-122.447374463 37.781130552),2,Lone Mountain/USF,01/18/2024 03:30:44 PM,01/18/2024 03:28:35 PM
467,528,Stanyan St at Geary Blvd,SF-H14,true,19,37.780949,-122.45630299999999,3,POINT (-122.456303 37.780949),2,Lone Mountain/USF,01/18/2024 03:30:44 PM,01/18/2024 03:28:35 PM
287,324,Union Square (Powell St at Post St),SF-F26,true,27,37.78829998,-122.40853071,3,POINT (-122.408530712 37.788299978),3,Nob Hill,01/18/2024 03:30:44 PM,01/18/2024 03:28:35 PM
363,419,Fern St at Polk St,SF-F23,true,21,37.788188999999996,-122.4205245,3,POINT (-122.4205245 37.788189),3,Nob Hill,01/18/2024 03:30:44 PM,01/18/2024 03:28:35 PM
10,30,San Francisco Caltrain (Townsend St at 4th St),SF-J29,true,19,37.776598,-122.395282,3,POINT (-122.395282 37.776598),6,Mission Bay,01/18/2024 03:30:44 PM,01/18/2024 03:28:35 PM
50,81,Berry St at 4th St,SF-K29-1,true,35,37.77588,-122.39317,3,POINT (-122.39317 37.77588),6,Mission Bay,01/18/2024 03:30:44 PM,01/18/2024 03:28:35 PM
57,80,Townsend St at 5th St,SF-K28,true,35,37.77523487,-122.3974371,3,POINT (-122.397437096 37.775234869),6,Mission Bay,01/18/2024 03:30:44 PM,01/18/2024 03:28:35 PM
58,50,2nd St at Townsend St,SF-I30,true,39,37.780526,-122.390288,3,POINT (-122.390288 37.780526),6,Mission Bay,01/18/2024 03:30:44 PM,01/18/2024 03:28:35 PM
65,66,3rd St at Townsend St,SF-J29-1,true,39,37.7785885,-122.39255299999999,3,POINT (-122.392553 37.7785885),6,Mission Bay,01/18/2024 03:30:44 PM,01/18/2024 03:28:35 PM
72,91,Berry St at King St,SF-L28,true,23,37.77176211,-122.39843756,3,POINT (-122.39843756 37.77176211),6,Mission Bay,01/18/2024 03:30:44 PM,01/18/2024 03:28:35 PM
73,93,4th St at Mission Bay Blvd S,SF-L30-1,true,27,37.7703135,-122.3912365,3,POINT (-122.3912365 37.7703135),6,Mission Bay,01/18/2024 03:30:44 PM,01/18/2024 03:28:35 PM
86,92,Mission Bay Kids Park,SF-L29,true,25,37.77230063,-122.39302754,3,POINT (-122.393027544 37.772300632),6,Mission Bay,01/18/2024 03:30:44 PM,01/18/2024 03:28:35 PM
91,102,Irwin St at 8th St,SF-M27,true,27,37.7668905,-122.399528,3,POINT (-122.399528 37.7668905),6,Mission Bay,01/18/2024 03:30:44 PM,01/18/2024 03:28:35 PM
109,104,4th St at 16th St,SF-M30,true,35,37.76704458,-122.3908335,3,POINT (-122.390833497 37.76704458),6,Mission Bay,01/18/2024 03:30:44 PM,01/18/2024 03:28:35 PM
297,364,China Basin St at 3rd St,SF-K30-2,true,31,37.7719996,-122.3899698,3,POINT (-122.3899698 37.7719996),6,Mission Bay,01/18/2024 03:30:44 PM,01/18/2024 03:28:35 PM
302,345,Hubbell St at 16th St,SF-M28,true,27,37.766594,-122.39819800000001,3,POINT (-122.398198 37.766594),6,Mission Bay,01/18/2024 03:30:44 PM,01/18/2024 03:28:35 PM
405,460,Terry Francois Blvd at Warriors Way,SF-M30-2,true,12,37.76909489,-122.38633275,3,POINT (-122.38633275 37.769094887),6,Mission Bay,01/18/2024 03:30:44 PM,01/18/2024 03:28:35 PM
407,461,Terry Francois Blvd at Mission Bay Blvd N,SF-L31-1,true,27,37.77132959,-122.38662243,3,POINT (-122.386622429 37.771329594),6,Mission Bay,01/18/2024 03:30:44 PM,01/18/2024 03:28:35 PM
425,465,San Francisco Caltrain Station (King St at 4th St),SF-J29-3,true,18,37.7763115,-122.394495,3,POINT (-122.394495 37.7763115),6,Mission Bay,01/18/2024 03:30:44 PM,01/18/2024 03:28:35 PM
426,483,7th St at King St,SF-L27-2,true,27,37.77122902,-122.40088642,3,POINT (-122.400886416 37.771229018),6,Mission Bay,01/18/2024 03:30:44 PM,01/18/2024 03:28:35 PM
442,513,Alameda St at Henry Adams St,SF-M26-2,true,27,37.76854574,-122.40440279,3,POINT (-122.404402792 37.768545741),6,Mission Bay,01/18/2024 03:30:44 PM,01/18/2024 03:28:35 PM
331,373,Potrero del Sol Park (25th St at Utah St),SF-R26,true,23,37.75179165,-122.4052155,3,POINT (-122.405215502 37.751791645),10,Mission,01/18/2024 03:30:44 PM,01/18/2024 03:28:35 PM
398,459,Utah St at 24th St,SF-Q26,true,15,37.753259,-122.4055145,3,POINT (-122.4055145 37.753259),10,Mission,01/18/2024 03:30:44 PM,01/18/2024 03:28:35 PM
438,518,22nd St at Potrero Ave,SF-P26,true,15,37.756808,-122.40594300000001,3,POINT (-122.405943 37.756808),10,Mission,01/18/2024 03:30:44 PM,01/18/2024 03:28:35 PM
75,108,16th St Mission BART,SF-N22-1A,true,11,37.7646845,-122.4199265,3,POINT (-122.4199265 37.7646845),9,Mission,01/18/2024 03:30:44 PM,01/18/2024 03:28:35 PM
76,112,Harrison St at 17th St,SF-N24-2,true,19,37.7638471,-122.4130036,3,POINT (-122.4130036 37.7638471),9,Mission,01/18/2024 03:30:44 PM,01/18/2024 03:28:35 PM
77,97,14th St at Mission St,SF-M22-1,true,19,37.768226999999996,-122.42035899999999,3,POINT (-122.420359 37.768227),9,Mission,01/18/2024 03:30:44 PM,01/18/2024 03:28:35 PM
78,127,Valencia St at 21st St,SF-P22,true,23,37.7567083,-122.421025,3,POINT (-122.421025 37.7567083),9,Mission,01/18/2024 03:30:44 PM,01/18/2024 03:28:35 PM
83,109,17th St at Valencia St,SF-N22-2,true,23,37.763332999999996,-122.4220555,3,POINT (-122.4220555 37.763333),9,Mission,01/18/2024 03:30:44 PM,01/18/2024 03:28:35 PM
84,98,Valencia St at 16th St,SF-M22-2,true,23,37.765429,-122.42188999999999,3,POINT (-122.42189 37.765429),9,Mission,01/18/2024 03:30:44 PM,01/18/2024 03:28:35 PM
87,100,Bryant St at 15th St,SF-M25,true,19,37.7671004,-122.410662,3,POINT (-122.410662 37.7671004),9,Mission,01/18/2024 03:30:44 PM,01/18/2024 03:28:35 PM
88,122,19th St at Mission St,SF-O23,true,19,37.760278,-122.419074,3,POINT (-122.419074 37.760278),9,Mission,01/18/2024 03:30:44 PM,01/18/2024 03:28:35 PM
89,124,19th St at Florida St,SF-O25-1,true,19,37.7604469,-122.410807,3,POINT (-122.410807 37.7604469),9,Mission,01/18/2024 03:30:44 PM,01/18/2024 03:28:35 PM
92,99,Folsom St at 15th St,SF-M24,true,19,37.7670373,-122.4154425,3,POINT (-122.4154425 37.7670373),9,Mission,01/18/2024 03:30:44 PM,01/18/2024 03:28:35 PM
103,125,20th St at Bryant St,SF-O25-2,true,15,37.759161999999996,-122.4100475,3,POINT (-122.4100475 37.759162),9,Mission,01/18/2024 03:30:44 PM,01/18/2024 03:28:35 PM
104,121,Mission Playground,SF-O22,true,23,37.7592103,-122.4213392,3,POINT (-122.4213392 37.7592103),9,Mission,01/18/2024 03:30:44 PM,01/18/2024 03:28:35 PM
105,123,Folsom St at 19th St,SF-O24,true,19,37.7605936,-122.4148171,3,POINT (-122.4148171 37.7605936),9,Mission,01/18/2024 03:30:44 PM,01/18/2024 03:28:35 PM
107,113,Franklin Square,SF-N25,true,19,37.7645435,-122.410349,3,POINT (-122.410349 37.7645435),9,Mission,01/18/2024 03:30:44 PM,01/18/2024 03:28:35 PM
110,110,17th & Folsom Street Park (17th St at Folsom St),SF-N23,true,23,37.7637085,-122.4152042,3,POINT (-122.4152042 37.7637085),9,Mission,01/18/2024 03:30:44 PM,01/18/2024 03:28:35 PM
111,129,Harrison St at 20th St,SF-P24,true,19,37.758862,-122.412544,3,POINT (-122.412544 37.758862),9,Mission,01/18/2024 03:30:44 PM,01/18/2024 03:28:35 PM
137,139,Garfield Square (25th St at Harrison St),SF-R24,true,23,37.750945,-122.4120835,3,POINT (-122.4120835 37.750945),9,Mission,01/18/2024 03:30:44 PM,01/18/2024 03:28:35 PM
142,133,Valencia St at 22nd St,SF-Q22-1,true,23,37.7552126,-122.4209752,3,POINT (-122.4209752 37.7552126),9,Mission,01/18/2024 03:30:44 PM,01/18/2024 03:28:35 PM
145,134,Valencia St at 24th St,SF-Q22-2,true,23,37.7524278,-122.4206278,3,POINT (-122.4206278 37.7524278),9,Mission,01/18/2024 03:30:44 PM,01/18/2024 03:28:35 PM
175,223,16th St Mission BART Station 2,SF-N22-1B,true,19,37.7648385,-122.420141,3,POINT (-122.420141 37.7648385),9,Mission,01/18/2024 03:30:44 PM,01/18/2024 03:28:35 PM
319,336,Potrero Ave at Mariposa St,SF-N26,true,27,37.76328094,-122.40737736,3,POINT (-122.407377362 37.763280941),9,Mission,01/18/2024 03:30:44 PM,01/18/2024 03:28:35 PM
324,356,Valencia St at Clinton Park,SF-L22,true,19,37.76918818,-122.42228508,3,POINT (-122.42228508 37.769188178),9,Mission,01/18/2024 03:30:44 PM,01/18/2024 03:28:35 PM
338,386,24th St at Bartlett St,SF-Q23-3,true,16,37.75210498,-122.41972357,3,POINT (-122.41972357 37.752104984),9,Mission,01/18/2024 03:30:44 PM,01/18/2024 03:28:35 PM
54,59,S Van Ness Ave at Market St,SF-J23-2,true,27,37.774814,-122.418954,3,POINT (-122.418954 37.774814),6,Mission,01/18/2024 03:30:44 PM,01/18/2024 03:28:35 PM
68,76,McCoppin St at Valencia St,SF-K22-2,true,19,37.771679999999996,-122.422301,3,POINT (-122.422301 37.77168),6,Mission,01/18/2024 03:30:44 PM,01/18/2024 03:28:35 PM
80,88,11th St at Bryant St,SF-L25,true,27,37.7700298,-122.4117258,3,POINT (-122.4117258 37.7700298),6,Mission,01/18/2024 03:30:44 PM,01/18/2024 03:28:35 PM
99,87,Folsom St at 13th St,SF-L24,true,27,37.769757,-122.415674,3,POINT (-122.415674 37.769757),6,Mission,01/18/2024 03:30:44 PM,01/18/2024 03:28:35 PM
102,89,Division St at Potrero Ave,SF-L26,true,27,37.769262999999995,-122.407054,3,POINT (-122.407054 37.769263),6,Mission,01/18/2024 03:30:44 PM,01/18/2024 03:28:35 PM
106,101,15th St at Potrero Ave,SF-M26,true,27,37.7670785,-122.40735859,3,POINT (-122.407358587 37.767078505),6,Mission,01/18/2024 03:30:44 PM,01/18/2024 03:28:35 PM
424,499,Otis St at Brady St,SF-K23,true,22,37.772219,-122.41997599999999,3,POINT (-122.419976 37.772219),6,Mission,01/18/2024 03:30:44 PM,01/18/2024 03:28:35 PM
303,384,Jackson St at Polk St,SF-E23,true,27,37.79416044,-122.42156759,3,POINT (-122.421567589 37.794160442),3,Russian Hill,01/18/2024 03:30:44 PM,01/18/2024 03:28:35 PM
345,398,Leavenworth St at Broadway,SF-D24,true,19,37.79647069,-122.41685763,3,POINT (-122.41685763 37.796470692),3,Russian Hill,01/18/2024 03:30:44 PM,01/18/2024 03:28:35 PM
346,441,Chestnut St at Van Ness Ave,SF-B22,true,23,37.8023,-122.4244135,3,POINT (-122.4244135 37.8023),3,Russian Hill,01/18/2024 03:30:44 PM,01/18/2024 03:28:35 PM
422,496,Green St at Van Ness Ave,SF-C22,true,23,37.79762791,-122.42353499,3,POINT (-122.423534989 37.797627909),3,Russian Hill,01/18/2024 03:30:44 PM,01/18/2024 03:28:35 PM
357,400,Buchanan St at North Point St,SF-A20,true,28,37.8044325,-122.433523,3,POINT (-122.433523 37.8044325),2,Marina,01/18/2024 03:30:44 PM,01/18/2024 03:28:35 PM
361,399,Bay St at Fillmore St,SF-B19,true,27,37.8026635,-122.4360635,3,POINT (-122.4360635 37.8026635),2,Marina,01/18/2024 03:30:44 PM,01/18/2024 03:28:35 PM
368,424,Greenwich St at Webster St,SF-C20,true,19,37.79920793,-122.43412167,3,POINT (-122.434121668 37.799207926),2,Marina,01/18/2024 03:30:44 PM,01/18/2024 03:28:35 PM
397,478,Greenwich St at Franklin St,SF-B21,true,19,37.80025443,-122.42591947,3,POINT (-122.425919473 37.800254431),2,Marina,01/18/2024 03:30:44 PM,01/18/2024 03:28:35 PM
444,539,North Point St at Divisadero St,SF-A18,false,0,37.802949,-122.442702,,POINT (-122.442702 37.802949),2,Marina,01/18/2024 03:30:44 PM,01/18/2024 03:28:35 PM
452,544,Allyne Park (Green St at Gough St),SF-C21,true,19,37.797249,-122.427457,,POINT (-122.427457 37.797249),2,Marina,01/18/2024 03:30:44 PM,01/18/2024 03:28:35 PM
465,535,Filbert St at Fillmore St,SF-C19,true,0,37.798013999999995,-122.435562,,POINT (-122.435562 37.798014),2,Marina,01/18/2024 03:30:44 PM,01/18/2024 03:28:35 PM
470,536,Fillmore St at Jefferson St,SF-A19,true,27,37.805375999999995,-122.437261,,POINT (-122.437261 37.805376),2,Marina,01/18/2024 03:30:44 PM,01/18/2024 03:28:35 PM
431,540,Eucalyptus Dr at 20th Ave,SF-W8,true,27,37.731085,-122.476163,3,POINT (-122.476163 37.731085),4,Lakeshore,01/18/2024 03:30:44 PM,01/18/2024 03:28:35 PM
436,537,Font Blvd at Arballo Dr,SF-Z6,true,30,37.722001,-122.48273499999999,3,POINT (-122.482735 37.722001),7,Lakeshore,01/18/2024 03:30:44 PM,01/18/2024 03:28:35 PM
459,541,Holloway Ave at Arellano Ave,SF-Z7,true,31,37.720949999999995,-122.478859,3,POINT (-122.478859 37.72095),7,Lakeshore,01/18/2024 03:30:44 PM,01/18/2024 03:28:35 PM
20,41,Golden Gate Ave at Polk St,SF-I23-1,true,31,37.7813455,-122.418409,3,POINT (-122.418409 37.7813455),5,Tenderloin,01/18/2024 03:30:44 PM,01/18/2024 03:28:35 PM
26,34,Father Alfred E Boeddeker Park,SF-H25,true,23,37.7839879,-122.412408,3,POINT (-122.412408 37.7839879),5,Tenderloin,01/18/2024 03:30:44 PM,01/18/2024 03:28:35 PM
31,4,Cyril Magnin St at Ellis St,SF-G26,true,35,37.785876,-122.4089225,3,POINT (-122.4089225 37.785876),5,Tenderloin,01/18/2024 03:30:44 PM,01/18/2024 03:28:35 PM
44,43,San Francisco Public Library (Grove St at Hyde St),SF-I24,true,31,37.778889,-122.415475,3,POINT (-122.415475 37.778889),5,Tenderloin,01/18/2024 03:30:44 PM,01/18/2024 03:28:35 PM
51,42,San Francisco City Hall (Polk St at Grove St),SF-I23-2,true,19,37.77865,-122.41823,3,POINT (-122.41823 37.77865),5,Tenderloin,01/18/2024 03:30:44 PM,01/18/2024 03:28:35 PM
326,368,Myrtle St at Polk St,SF-G23,true,27,37.785478999999995,-122.419342,3,POINT (-122.419342 37.785479),5,Tenderloin,01/18/2024 03:30:44 PM,01/18/2024 03:28:35 PM
22,5,Powell St BART Station (Market St at 5th St),SF-H26,true,35,37.78389936,-122.40844488,3,POINT (-122.408444881 37.783899357),3,Tenderloin,01/18/2024 03:30:44 PM,01/18/2024 03:28:35 PM
311,370,Jones St at Post St,SF-G25,true,19,37.78732677,-122.41327822,3,POINT (-122.413278222 37.787326766),3,Tenderloin,01/18/2024 03:30:44 PM,01/18/2024 03:28:35 PM
318,369,Hyde St at Post St,SF-G24,true,27,37.7870936,-122.41670072,3,POINT (-122.416700721 37.787093596),3,Tenderloin,01/18/2024 03:30:44 PM,01/18/2024 03:28:35 PM
384,439,Post St at Divisadero St,SF-G18,true,31,37.784419,-122.43936099999999,3,POINT (-122.439361 37.784419),5,Japantown,01/18/2024 03:30:44 PM,01/18/2024 03:28:35 PM
456,510,Post St at Webster St,SF-G20,true,31,37.785394,-122.431821,3,POINT (-122.431821 37.785394),5,Japantown,01/18/2024 03:30:44 PM,01/18/2024 03:28:35 PM
458,530,Post St at Baker St,SF-G17,true,27,37.783972999999996,-122.44287800000001,3,POINT (-122.442878 37.783973),5,Japantown,01/18/2024 03:30:44 PM,01/18/2024 03:28:35 PM
356,451,10th Ave at Irving St,SF-M11,true,23,37.7642245,-122.4673775,3,POINT (-122.4673775 37.7642245),7,Inner Sunset,01/18/2024 03:30:44 PM,01/18/2024 03:28:35 PM
360,450,Funston Ave at Irving St,SF-M10,true,27,37.76393403,-122.47065067,3,POINT (-122.470650673 37.763934025),7,Inner Sunset,01/18/2024 03:30:44 PM,01/18/2024 03:28:35 PM
403,457,7th Ave at Irving St,SF-M12,true,27,37.76343361,-122.46406317,3,POINT (-122.464063168 37.76343361),7,Inner Sunset,01/18/2024 03:30:44 PM,01/18/2024 03:28:35 PM
641,545,7th Ave at Lawton St,SF-O12,true,27,37.758700000000005,-122.463774,3,POINT (-122.463774 37.7587),7,Inner Sunset,01/18/2024 03:30:44 PM,01/18/2024 03:28:35 PM
391,458,Frederick St at Arguello Blvd,SF-M13,true,19,37.76578299,-122.45763659,3,POINT (-122.457636595 37.765782987),8,Inner Sunset,01/18/2024 03:30:44 PM,01/18/2024 03:28:35 PM
81,85,Church St at Duboce Ave,SF-L20,true,27,37.769818,-122.4291485,3,POINT (-122.4291485 37.769818),8,Hayes Valley,01/18/2024 03:30:44 PM,01/18/2024 03:28:35 PM
46,75,Market St at Franklin St,SF-K22-1,true,35,37.77379321,-122.42123902,3,POINT (-122.421239018 37.773793206),6,Hayes Valley,01/18/2024 03:30:44 PM,01/18/2024 03:28:35 PM
354,411,Octavia Blvd at Page St,SF-J22-1,true,27,37.77401794,-122.42380857,3,POINT (-122.423808575 37.774017938),6,Hayes Valley,01/18/2024 03:30:44 PM,01/18/2024 03:28:35 PM
45,56,Koshland Park,SF-K21,true,27,37.77341397,-122.4273169,3,POINT (-122.427316904 37.77341397),5,Hayes Valley,01/18/2024 03:30:44 PM,01/18/2024 03:28:35 PM
48,55,Webster St at Grove St,SF-J20,true,27,37.7770527,-122.4295585,3,POINT (-122.4295585 37.7770527),5,Hayes Valley,01/18/2024 03:30:44 PM,01/18/2024 03:28:35 PM
49,74,Laguna St at Hayes St,SF-J21,true,27,37.7762475,-122.4262025,3,POINT (-122.4262025 37.7762475),5,Hayes Valley,01/18/2024 03:30:44 PM,01/18/2024 03:28:35 PM
62,53,Grove St at Divisadero,SF-J18,true,27,37.775946,-122.4377775,3,POINT (-122.4377775 37.775946),5,Hayes Valley,01/18/2024 03:30:44 PM,01/18/2024 03:28:35 PM
66,71,Broderick St at Oak St,SF-K18,true,27,37.7730627,-122.4390777,3,POINT (-122.4390777 37.7730627),5,Hayes Valley,01/18/2024 03:30:44 PM,01/18/2024 03:28:35 PM
415,468,Grove St at Gough St,SF-J22-2,true,25,37.77787007,-122.42295295,3,POINT (-122.42295295 37.77787007),5,Hayes Valley,01/18/2024 03:30:44 PM,01/18/2024 03:28:35 PM
448,534,Fulton St at Laguna St,SF-I21,true,31,37.778307,-122.426527,3,POINT (-122.426527 37.778307),5,Hayes Valley,01/18/2024 03:30:44 PM,01/18/2024 03:28:35 PM
64,84,Duboce Park,SF-L19,true,19,37.7692005,-122.4338119,3,POINT (-122.4338119 37.7692005),8,Haight Ashbury,01/18/2024 03:30:44 PM,01/18/2024 03:28:35 PM
350,440,Carl St at Cole St,SF-M15,true,23,37.765941999999995,-122.449228,3,POINT (-122.449228 37.765942),8,Haight Ashbury,01/18/2024 03:30:44 PM,01/18/2024 03:28:35 PM
463,538,Haight St at Lyon St,SF-K17-2,true,12,37.770519,-122.442326,3,POINT (-122.442326 37.770519),8,Haight Ashbury,01/18/2024 03:30:44 PM,01/18/2024 03:28:35 PM
38,73,Pierce St at Haight St,SF-K20,true,27,37.7717933,-122.4337079,3,POINT (-122.4337079 37.7717933),5,Haight Ashbury,01/18/2024 03:30:44 PM,01/18/2024 03:28:35 PM
39,72,Page St at Scott St,SF-K19,true,27,37.772354,-122.4358575,3,POINT (-122.4358575 37.772354),5,Haight Ashbury,01/18/2024 03:30:44 PM,01/18/2024 03:28:35 PM
335,377,Fell St at Stanyan St,SF-K15-,true,19,37.7719511,-122.4537048,3,POINT (-122.4537048 37.7719511),5,Golden Gate Park,01/18/2024 03:30:44 PM,01/18/2024 03:28:35 PM
369,454,7th Ave at Cabrillo St,SF-J12,true,23,37.7751205,-122.464998,3,POINT (-122.464998 37.7751205),1,Inner Richmond,01/18/2024 03:30:44 PM,01/18/2024 03:28:35 PM
395,489,Funston Ave at Clement St,SF-G10-1,true,27,37.78249788,-122.47196764,3,POINT (-122.471967638 37.782497876),1,Inner Richmond,01/18/2024 03:30:44 PM,01/18/2024 03:28:35 PM
396,466,5th Ave at Anza St,SF-H12,true,21,37.77948761,-122.46314183,3,POINT (-122.463141829 37.779487609),1,Inner Richmond,01/18/2024 03:30:44 PM,01/18/2024 03:28:35 PM
400,485,Funston Ave at Fulton St,SF-J10,true,27,37.77326318,-122.47123003,3,POINT (-122.47123003 37.773263176),1,Inner Richmond,01/18/2024 03:30:44 PM,01/18/2024 03:28:35 PM
412,490,9th Ave at Geary Blvd,SF-G11,true,27,37.78184072,-122.46763587,3,POINT (-122.46763587 37.781840716),1,Inner Richmond,01/18/2024 03:30:44 PM,01/18/2024 03:28:35 PM
445,506,7th Ave at Clement St,SF-G12,true,24,37.78243852,-122.46537745,3,POINT (-122.46537745 37.78243852),1,Inner Richmond,01/18/2024 03:30:44 PM,01/18/2024 03:28:35 PM
333,387,Randall St at Chenery St,SF-U21,true,19,37.73981272,-122.42552251,3,POINT (-122.425522506 37.739812717),8,Glen Park,01/18/2024 03:30:44 PM,01/18/2024 03:28:35 PM
451,529,Arlington St at Roanoke St,SF-W19-2,true,19,37.734966,-122.429772,3,POINT (-122.429772 37.734966),8,Glen Park,01/18/2024 03:30:44 PM,01/18/2024 03:28:35 PM
1,17,Embarcadero BART Station (Beale St at Market St),SF-E29-3,true,29,37.792251,-122.397086,3,POINT (-122.397086 37.792251),6,Financial District/South Beach,01/18/2024 03:30:44 PM,01/18/2024 03:28:35 PM
3,28,The Embarcadero at Bryant St,SF-G30-2,true,19,37.787332,-122.3881105,3,POINT (-122.3881105 37.787332),6,Financial District/South Beach,01/18/2024 03:30:44 PM,01/18/2024 03:28:35 PM
5,21,Montgomery St BART Station (Market St at 2nd St),SF-F28-2,true,39,37.7896254,-122.400811,3,POINT (-122.400811 37.7896254),6,Financial District/South Beach,01/18/2024 03:30:44 PM,01/18/2024 03:28:35 PM
7,22,Howard St at Beale St,SF-F29,true,31,37.79029644,-122.39387512,3,POINT (-122.393875122 37.79029644),6,Financial District/South Beach,01/18/2024 03:30:44 PM,01/18/2024 03:28:35 PM
8,36,Folsom St at 3rd St,SF-H28,true,31,37.78383,-122.39887,3,POINT (-122.39887 37.78383),6,Financial District/South Beach,01/18/2024 03:30:44 PM,01/18/2024 03:28:35 PM
11,27,Beale St at Harrison St,SF-G30-1,true,23,37.787963,-122.3918085,3,POINT (-122.3918085 37.787963),6,Financial District/South Beach,01/18/2024 03:30:44 PM,01/18/2024 03:28:35 PM
16,3,Powell St BART Station (Market St at 4th St),SF-G27,true,35,37.78637527,-122.40490437,3,POINT (-122.404904366 37.786375269),6,Financial District/South Beach,01/18/2024 03:30:44 PM,01/18/2024 03:28:35 PM
18,25,Howard St at 2nd St,SF-G28-1,true,18,37.78646613,-122.39871608,3,POINT (-122.39871608 37.786466134),6,Financial District/South Beach,01/18/2024 03:30:44 PM,01/18/2024 03:28:35 PM
25,37,2nd St at Folsom St,SF-H29,true,37,37.785452910000004,-122.39651173,3,POINT (-122.396511734 37.785452906),6,Financial District/South Beach,01/18/2024 03:30:44 PM,01/18/2024 03:28:35 PM
32,24,Spear St at Folsom St,SF-F30-2,true,19,37.7896767,-122.3904285,3,POINT (-122.3904285 37.7896767),6,Financial District/South Beach,01/18/2024 03:30:44 PM,01/18/2024 03:28:35 PM
33,38,The Embarcadero at Pier 38,SF-H30,true,26,37.78292609,-122.38792062,3,POINT (-122.387920618 37.782926087),6,Financial District/South Beach,01/18/2024 03:30:44 PM,01/18/2024 03:28:35 PM
34,23,The Embarcadero at Steuart St,SF-F30-1,true,23,37.7914015,-122.391038,3,POINT (-122.391038 37.7914015),6,Financial District/South Beach,01/18/2024 03:30:44 PM,01/18/2024 03:28:35 PM
35,26,1st St at Folsom St,SF-G29-2,true,19,37.78729,-122.39438,3,POINT (-122.39438 37.78729),6,Financial District/South Beach,01/18/2024 03:30:44 PM,01/18/2024 03:28:35 PM
63,49,S Park St at 3rd St,SF-I29-2,true,30,37.7807601,-122.3949894,3,POINT (-122.3949894 37.7807601),6,Financial District/South Beach,01/18/2024 03:30:44 PM,01/18/2024 03:28:35 PM
240,284,Yerba Buena Center for the Arts (Howard St at 3rd St),SF-H27-1,true,19,37.78487208,-122.40087569,3,POINT (-122.400875688 37.784872084),6,Financial District/South Beach,01/18/2024 03:30:44 PM,01/18/2024 03:28:35 PM
315,363,Salesforce Transit Center (Natoma St at 2nd St),SF-G29-1,true,35,37.7874921,-122.39828467,3,POINT (-122.398284674 37.787492104),6,Financial District/South Beach,01/18/2024 03:30:44 PM,01/18/2024 03:28:35 PM
327,343,Bryant St at 2nd St,SF I29-1,true,27,37.78317199,-122.39357203,3,POINT (-122.393572032 37.783171989),6,Financial District/South Beach,01/18/2024 03:30:44 PM,01/18/2024 03:28:35 PM
348,445,Natoma St at New Montgomery St,SF-G28-2,true,21,37.7864555,-122.399749,3,POINT (-122.399749 37.7864555),6,Financial District/South Beach,01/18/2024 03:30:44 PM,01/18/2024 03:28:35 PM
423,467,Brannan St at Colin P Kelly Jr St,SF-I30-2,true,35,37.78238579,-122.39134312,3,POINT (-122.391343117 37.782385788),6,Financial District/South Beach,01/18/2024 03:30:44 PM,01/18/2024 03:28:35 PM
446,527,Tehama St at 1st St,SF-G29-3,true,39,37.788032,-122.395626,3,POINT (-122.395626 37.788032),6,Financial District/South Beach,01/18/2024 03:30:44 PM,01/18/2024 03:28:35 PM
2,19,Post St at Kearny St,SF-F27,true,35,37.788975,-122.403452,3,POINT (-122.403452 37.788975),3,Financial District/South Beach,01/18/2024 03:30:44 PM,01/18/2024 03:28:35 PM
9,20,Mechanics Monument Plaza (Market St at Bush St),SF-F28-1,true,23,37.7913,-122.399051,3,POINT (-122.399051 37.7913),3,Financial District/South Beach,01/18/2024 03:30:44 PM,01/18/2024 03:28:35 PM
12,11,Davis St at Jackson St,SF-D28,true,35,37.79728,-122.398436,3,POINT (-122.398436 37.79728),3,Financial District/South Beach,01/18/2024 03:30:44 PM,01/18/2024 03:28:35 PM
13,14,Clay St at Battery St,SF-E28,true,31,37.795001,-122.39997,3,POINT (-122.39997 37.795001),3,Financial District/South Beach,01/18/2024 03:30:44 PM,01/18/2024 03:28:35 PM
14,8,The Embarcadero at Vallejo St,SF-C28-1,true,23,37.799952999999995,-122.398525,3,POINT (-122.398525 37.799953),3,Financial District/South Beach,01/18/2024 03:30:44 PM,01/18/2024 03:28:35 PM
15,15,San Francisco Ferry Building (Harry Bridges Plaza),SF-E29-1,true,38,37.795392,-122.394203,3,POINT (-122.394203 37.795392),3,Financial District/South Beach,01/18/2024 03:30:44 PM,01/18/2024 03:28:35 PM
17,6,The Embarcadero at Sansome St,SF-A27,true,23,37.80477,-122.403234,3,POINT (-122.403234 37.80477),3,Financial District/South Beach,01/18/2024 03:30:44 PM,01/18/2024 03:28:35 PM
19,12,Pier 1/2 at The Embarcadero,SF-D29,true,23,37.7963894,-122.3945855,3,POINT (-122.3945855 37.7963894),3,Financial District/South Beach,01/18/2024 03:30:44 PM,01/18/2024 03:28:35 PM
21,9,Broadway at Battery St,SF-C28-2,true,19,37.79857211,-122.40086898,3,POINT (-122.400868982 37.798572108),3,Financial District/South Beach,01/18/2024 03:30:44 PM,01/18/2024 03:28:35 PM
29,16,Market St at Steuart St,SF-E29-2,true,25,37.794525,-122.3948805,3,POINT (-122.3948805 37.794525),3,Financial District/South Beach,01/18/2024 03:30:44 PM,01/18/2024 03:28:35 PM
393,500,Battery St at Filbert St,SF-B28-2,true,31,37.80219785,-122.40177155,3,POINT (-122.401771545 37.802197852),3,Financial District/South Beach,01/18/2024 03:30:44 PM,01/18/2024 03:28:35 PM
399,462,Cruise Terminal at Pier 27,SF-B28,true,23,37.804648,-122.402087,3,POINT (-122.402087 37.804648),3,Financial District/South Beach,01/18/2024 03:30:44 PM,01/18/2024 03:28:35 PM
466,533,Front St at California St,SF-E28-2,true,32,37.793177,-122.398823,3,POINT (-122.398823 37.793177),3,Financial District/South Beach,01/18/2024 03:30:44 PM,01/18/2024 03:28:35 PM
443,505,Geneva Ave at Moscow St,SF-CC18,false,0,37.71319254,-122.43349135,,POINT (-122.433491349 37.713192538),11,Excelsior,01/18/2024 03:30:44 PM,01/18/2024 03:28:35 PM
468,503,London St at Geneva Ave,SF-BB17,true,19,37.71616095,-122.44010568,3,POINT (-122.440105677 37.716160945),11,Excelsior,01/18/2024 03:30:44 PM,01/18/2024 03:28:35 PM
23,10,Washington St at Kearny St,SF-D27,true,31,37.795401999999996,-122.4046885,3,POINT (-122.4046885 37.795402),3,Chinatown,01/18/2024 03:30:44 PM,01/18/2024 03:28:35 PM
24,13,Commercial St at Montgomery St,SF-E27,true,23,37.7942465,-122.402855,3,POINT (-122.402855 37.7942465),3,Chinatown,01/18/2024 03:30:44 PM,01/18/2024 03:28:35 PM
427,487,Powell St at Columbus Ave,SF-C25,true,30,37.80049604,-122.41088703,3,POINT (-122.410887033 37.800496037),3,Chinatown,01/18/2024 03:30:44 PM,01/18/2024 03:28:35 PM
71,105,16th St at Prosper St,SF-N20-1,true,19,37.764285,-122.4318042,3,POINT (-122.4318042 37.764285),8,Castro/Upper Market,01/18/2024 03:30:44 PM,01/18/2024 03:28:35 PM
79,96,Dolores St at 15th St,SF-M21,true,19,37.7661,-122.4266585,3,POINT (-122.4266585 37.7661),8,Castro/Upper Market,01/18/2024 03:30:44 PM,01/18/2024 03:28:35 PM
90,119,18th St at Noe St,SF-O19,true,15,37.7610471,-122.4326417,3,POINT (-122.4326417 37.7610471),8,Castro/Upper Market,01/18/2024 03:30:44 PM,01/18/2024 03:28:35 PM
96,118,Eureka Valley Recreation Center,SF-O18,true,19,37.759211,-122.4367975,3,POINT (-122.4367975 37.759211),8,Castro/Upper Market,01/18/2024 03:30:44 PM,01/18/2024 03:28:35 PM
97,106,Sanchez St at 17th St,SF-N20-2,true,19,37.7632417,-122.4306746,3,POINT (-122.4306746 37.7632417),8,Castro/Upper Market,01/18/2024 03:30:44 PM,01/18/2024 03:28:35 PM
98,86,Market St at Dolores St,SF-L21,true,19,37.769244,-122.4269645,3,POINT (-122.4269645 37.769244),8,Castro/Upper Market,01/18/2024 03:30:44 PM,01/18/2024 03:28:35 PM
100,95,Sanchez St at 15th St,SF-M20,true,27,37.7662185,-122.4310597,3,POINT (-122.4310597 37.7662185),8,Castro/Upper Market,01/18/2024 03:30:44 PM,01/18/2024 03:28:35 PM
101,107,17th St at Dolores St,SF-N21,true,23,37.7630152,-122.4264968,3,POINT (-122.4264968 37.7630152),8,Castro/Upper Market,01/18/2024 03:30:44 PM,01/18/2024 03:28:35 PM
108,120,Mission Dolores Park,SF-O21,true,27,37.7614205,-122.4264353,3,POINT (-122.4264353 37.7614205),8,Castro/Upper Market,01/18/2024 03:30:44 PM,01/18/2024 03:28:35 PM
305,381,20th St at Dolores St,SF-P21,true,27,37.75823842,-122.42609382,3,POINT (-122.426093817 37.758238424),8,Castro/Upper Market,01/18/2024 03:30:44 PM,01/18/2024 03:28:35 PM
126,141,Valencia St at Cesar Chavez St,SF-S22-1,true,19,37.7479981,-122.4202187,3,POINT (-122.4202187 37.7479981),9,Bernal Heights,01/18/2024 03:30:44 PM,01/18/2024 03:28:35 PM
135,146,30th St at San Jose Ave,SF-T21,true,15,37.7423139,-122.4231805,3,POINT (-122.4231805 37.7423139),9,Bernal Heights,01/18/2024 03:30:44 PM,01/18/2024 03:28:35 PM
140,147,29th St at Tiffany Ave,SF-T22,true,19,37.7440667,-122.4214722,3,POINT (-122.4214722 37.7440667),9,Bernal Heights,01/18/2024 03:30:44 PM,01/18/2024 03:28:35 PM
155,144,Precita Park,SF-S24,true,15,37.7472996,-122.4114029,3,POINT (-122.4114029 37.7472996),9,Bernal Heights,01/18/2024 03:30:44 PM,01/18/2024 03:28:35 PM
290,390,Indiana St at Cesar Chavez St,SF-S29,true,15,37.75043436,-122.39044726,3,POINT (-122.390447259 37.750434357),10,Bayview Hunters Point,01/18/2024 03:30:44 PM,01/18/2024 03:28:35 PM
291,362,Lane St at Revere Ave,SF-X30,true,19,37.73172669,-122.39005566,3,POINT (-122.390055656 37.731726694),10,Bayview Hunters Point,01/18/2024 03:30:44 PM,01/18/2024 03:28:35 PM
299,358,Williams Ave at 3rd St,SF-Y29,true,19,37.72927865,-122.39289612,3,POINT (-122.392896116 37.729278652),10,Bayview Hunters Point,01/18/2024 03:30:44 PM,01/18/2024 03:28:35 PM
308,361,Mendell St at Fairfax Ave,SF-V30,true,19,37.73985302,-122.38565549,3,POINT (-122.385655493 37.739853018),10,Bayview Hunters Point,01/18/2024 03:30:44 PM,01/18/2024 03:28:35 PM
330,359,Williams Ave at Apollo St,SF-Y27,true,15,37.730078999999996,-122.3988045,3,POINT (-122.3988045 37.730079),10,Bayview Hunters Point,01/18/2024 03:30:44 PM,01/18/2024 03:28:35 PM
336,360,Jerrold Ave at 3rd St,SF-V29,true,19,37.73890064,-122.38952458,3,POINT (-122.389524579 37.738900644),10,Bayview Hunters Point,01/18/2024 03:30:44 PM,01/18/2024 03:28:35 PM
342,434,Carroll Ave at 3rd St,SF-Z28,true,23,37.72537519,-122.39401996,3,POINT (-122.394019961 37.725375194),10,Bayview Hunters Point,01/18/2024 03:30:44 PM,01/18/2024 03:28:35 PM
343,410,Illinois St at Cesar Chavez St,SF-S30,true,19,37.7501075,-122.3865015,3,POINT (-122.3865015 37.7501075),10,Bayview Hunters Point,01/18/2024 03:30:44 PM,01/18/2024 03:28:35 PM
358,432,Quesada Ave at 3rd St,SF-X29,true,19,37.73309281,-122.39097297,3,POINT (-122.390972972 37.73309281),10,Bayview Hunters Point,01/18/2024 03:30:44 PM,01/18/2024 03:28:35 PM
375,435,Jennings St at Revere Ave,SF-Y30,true,19,37.72939321,-122.3865366,3,POINT (-122.386536598 37.729393207),10,Bayview Hunters Point,01/18/2024 03:30:44 PM,01/18/2024 03:28:35 PM
379,437,Evans Ave at Mendell St,SF-V31,true,15,37.740048,-122.3834355,3,POINT (-122.3834355 37.740048),10,Bayview Hunters Point,01/18/2024 03:30:44 PM,01/18/2024 03:28:35 PM
381,436,McKinnon Ave at 3rd St,SF-W29,true,23,37.73629587,-122.38996983,3,POINT (-122.389969826 37.736295872),10,Bayview Hunters Point,01/18/2024 03:30:44 PM,01/18/2024 03:28:35 PM
386,438,Oakdale Ave at Phelps St,SF-V28,true,19,37.7370395,-122.3944985,3,POINT (-122.3944985 37.7370395),10,Bayview Hunters Point,01/18/2024 03:30:44 PM,01/18/2024 03:28:35 PM
387,463,Heron's Head Park,SF-V32,true,27,37.74032178,-122.37678409,3,POINT (-122.376784086 37.740321776),10,Bayview Hunters Point,01/18/2024 03:30:44 PM,01/18/2024 03:28:35 PM
413,488,Egbert Ave at Jennings St,SF-AA28,true,19,37.72262992,-122.39249647,3,POINT (-122.392496467 37.722629922),10,Bayview Hunters Point,01/18/2024 03:30:44 PM,01/18/2024 03:28:35 PM
454,509,Evans Ave at Newhall St,SF-U30,true,19,37.742232,-122.386843,3,POINT (-122.386843 37.742232),10,Bayview Hunters Point,01/18/2024 03:30:44 PM,01/18/2024 03:28:35 PM
6,35,Cahill Park,SJ-M6,true,23,37.32911867,-121.90457582,5,POINT (-121.904575825 37.329118668),,,01/18/2024 03:30:44 PM,01/18/2024 03:28:35 PM
28,18,Telegraph Ave at Alcatraz Ave,OK-A2,true,11,37.85022187,-122.26017237,12,POINT (-122.260172367 37.850221874),,,01/18/2024 03:30:44 PM,01/18/2024 03:28:35 PM
30,7,Frank H Ogawa Plaza,OK-L5,true,35,37.80456235,-122.27173805,12,POINT (-122.271738052 37.804562355),,,01/18/2024 03:30:44 PM,01/18/2024 03:28:35 PM
60,46,San Antonio Park,OK-L12,true,15,37.79013985,-122.24237323,12,POINT (-122.242373228 37.790139852),,,01/18/2024 03:30:44 PM,01/18/2024 03:28:35 PM
114,153,59th St at Horton St,EM-A1,true,19,37.8409452,-122.2913604,13,POINT (-122.2913604 37.8409452),,,01/18/2024 03:30:44 PM,01/18/2024 03:28:35 PM
115,174,52nd St at MLK Jr Way,OK-D3-2,true,23,37.837368999999995,-122.267656,12,POINT (-122.267656 37.837369),,,01/18/2024 03:30:44 PM,01/18/2024 03:28:35 PM
116,148,Horton St at 40th St,EM-D2,true,23,37.8297046,-122.2876102,13,POINT (-122.2876102 37.8297046),,,01/18/2024 03:30:44 PM,01/18/2024 03:28:35 PM
117,164,Isabella St at San Pablo Ave,OK-J4,true,19,37.81498823,-122.27484405,12,POINT (-122.27484405 37.81498823),,,01/18/2024 03:30:44 PM,01/18/2024 03:28:35 PM
118,150,Adeline St at 40th St,EM-D4,true,15,37.8312769,-122.2782669,13,POINT (-122.2782669 37.8312769),,,01/18/2024 03:30:44 PM,01/18/2024 03:28:35 PM
121,155,Emeryville Public Market,EM-B1,true,19,37.84052117,-122.29352832,13,POINT (-122.293528318 37.840521167),,,01/18/2024 03:30:44 PM,01/18/2024 03:28:35 PM
123,156,Stanford Ave at Hollis St,EM-B2,true,15,37.8384435,-122.2886647,13,POINT (-122.2886647 37.8384435),,,01/18/2024 03:30:44 PM,01/18/2024 03:28:35 PM
128,159,24th St at Market St,OK-J3,true,19,37.8160598,-122.2782444,12,POINT (-122.2782444 37.8160598),,,01/18/2024 03:30:44 PM,01/18/2024 03:28:35 PM
129,158,Shattuck Ave at Telegraph Ave,OK-E4,true,19,37.8332786,-122.2634901,12,POINT (-122.2634901 37.8332786),,,01/18/2024 03:30:44 PM,01/18/2024 03:28:35 PM
130,173,Shattuck Ave at 55th St,OK-D3-1,true,15,37.8403643,-122.2644881,12,POINT (-122.2644881 37.8403643),,,01/18/2024 03:30:44 PM,01/18/2024 03:28:35 PM
134,182,19th Street BART Station,OK-K5-2,true,31,37.80936861,-122.26795077,12,POINT (-122.267950773 37.809368612),,,01/18/2024 03:30:44 PM,01/18/2024 03:28:35 PM
136,180,Telegraph Ave at 23rd St,OK-J5,true,19,37.8126783,-122.2687726,12,POINT (-122.2687726 37.8126783),,,01/18/2024 03:30:44 PM,01/18/2024 03:28:35 PM
144,163,Lake Merritt BART Station,OK-M7,true,27,37.7973195,-122.2653199,12,POINT (-122.2653199 37.7973195),,,01/18/2024 03:30:44 PM,01/18/2024 03:28:35 PM
151,149,Emeryville Town Hall,EM-D3,true,23,37.8312752,-122.2856333,13,POINT (-122.2856333 37.8312752),,,01/18/2024 03:30:44 PM,01/18/2024 03:28:35 PM
156,175,Telegraph Ave at 49th St,OK-D4,true,15,37.83575,-122.262654,12,POINT (-122.262654 37.83575),,,01/18/2024 03:30:44 PM,01/18/2024 03:28:35 PM
157,167,College Ave at Harwood Ave,OK-A4,true,19,37.848152,-122.2521599,12,POINT (-122.2521599 37.848152),,,01/18/2024 03:30:44 PM,01/18/2024 03:28:35 PM
122,172,College Ave at Taft Ave,OK-B5,true,15,37.8417999,-122.2515349,12,POINT (-122.2515349 37.8417999),,,01/18/2024 03:30:44 PM,01/18/2024 03:28:35 PM
131,168,Alcatraz Ave at Shattuck Ave,OK-B1,true,0,37.84959497,-122.26556897,12,POINT (-122.265568972 37.849594968),,,01/18/2024 03:30:44 PM,01/18/2024 03:28:35 PM
143,177,MacArthur Blvd at Telegraph Ave,OK-G4,true,0,37.8262863,-122.2651002,12,POINT (-122.2651002 37.8262863),,,01/18/2024 03:30:44 PM,01/18/2024 03:28:35 PM
146,171,Rockridge BART Station,OK-B4,true,24,37.84427875,-122.25190043,12,POINT (-122.251900434 37.844278754),,,01/18/2024 03:30:44 PM,01/18/2024 03:28:35 PM
153,181,Grand Ave at Webster St,OK-J6-1,true,27,37.8113768,-122.2651925,12,POINT (-122.2651925 37.8113768),,,01/18/2024 03:30:44 PM,01/18/2024 03:28:35 PM
147,151,53rd St at Hollis St,EM-C2,true,23,37.8361823,-122.2871801,13,POINT (-122.2871801 37.8361823),,,01/18/2024 03:30:44 PM,01/18/2024 03:28:35 PM
159,166,College Ave at Alcatraz Ave,BK-A3,true,15,37.8513755,-122.2525233,14,POINT (-122.2525233 37.8513755),,,01/18/2024 03:30:44 PM,01/18/2024 03:28:35 PM
161,205,Miles Ave at Cavour St,OK-C4,true,19,37.8388,-122.258732,12,POINT (-122.258732 37.8388),,,01/18/2024 03:30:44 PM,01/18/2024 03:28:35 PM
162,213,32nd St at Adeline St,OK-H2,true,15,37.8238474,-122.2811926,12,POINT (-122.2811926 37.8238474),,,01/18/2024 03:30:44 PM,01/18/2024 03:28:35 PM
166,222,10th Ave at E 15th St,OK-L11,true,15,37.7927143,-122.2487796,12,POINT (-122.2487796 37.7927143),,,01/18/2024 03:30:44 PM,01/18/2024 03:28:35 PM
120,154,Doyle St at 59th St,EM-A2,true,15,37.8419238,-122.2880451,13,POINT (-122.2880451 37.8419238),,,01/18/2024 03:30:44 PM,01/18/2024 03:28:35 PM
125,170,Telegraph Ave at 58th St,OK-B3,true,15,37.8444927,-122.26135099999999,12,POINT (-122.261351 37.8444927),,,01/18/2024 03:30:44 PM,01/18/2024 03:28:35 PM
132,179,Telegraph Ave at 27th St,OK-I5,true,19,37.81607312,-122.2678864,12,POINT (-122.2678864 37.816073115),,,01/18/2024 03:30:44 PM,01/18/2024 03:28:35 PM
133,178,Broadway at 30th St,OK-H5,true,19,37.8193814,-122.2619284,12,POINT (-122.2619284 37.8193814),,,01/18/2024 03:30:44 PM,01/18/2024 03:28:35 PM
148,152,47th St at San Pablo Ave,EM-C3,true,19,37.8356322,-122.28105068,13,POINT (-122.281050682 37.835632205),,,01/18/2024 03:30:44 PM,01/18/2024 03:28:35 PM
150,169,Bushrod Park,OK-B2,true,19,37.846515600000004,-122.2653043,12,POINT (-122.2653043 37.8465156),,,01/18/2024 03:30:44 PM,01/18/2024 03:28:35 PM
152,176,MacArthur BART Station,OK-F4,true,31,37.82840997,-122.26631463,12,POINT (-122.266314626 37.828409973),,,01/18/2024 03:30:44 PM,01/18/2024 03:28:35 PM
127,162,Franklin St at 9th St,OK-M6,true,27,37.8005161,-122.2720799,12,POINT (-122.2720799 37.8005161),,,01/18/2024 03:30:44 PM,01/18/2024 03:28:35 PM
154,157,65th St at Hollis St,EM-C1,true,19,37.8467842,-122.2913761,13,POINT (-122.2913761 37.8467842),,,01/18/2024 03:30:44 PM,01/18/2024 03:28:35 PM
160,221,6th Ave at E 12th St (Temporary Location),OK-L10,true,15,37.794396,-122.25384199999999,12,POINT (-122.253842 37.794396),,,01/18/2024 03:30:44 PM,01/18/2024 03:28:35 PM
149,183,Telegraph Ave at 19th St,OK-K5-1,true,27,37.8087021,-122.2699271,12,POINT (-122.2699271 37.8087021),,,01/18/2024 03:30:44 PM,01/18/2024 03:28:35 PM
158,160,West Oakland BART Station,OK-N1,true,23,37.8053183,-122.2948365,12,POINT (-122.2948365 37.8053183),,,01/18/2024 03:30:44 PM,01/18/2024 03:28:35 PM
163,203,Webster St at 2nd St,OK-N6,true,0,37.79519476,-122.27396965,12,POINT (-122.27396965 37.795194764),,,01/18/2024 03:30:44 PM,01/18/2024 03:28:35 PM
164,207,Broadway at Coronado Ave,OK-D5,true,23,37.8357883,-122.2516207,12,POINT (-122.2516207 37.8357883),,,01/18/2024 03:30:44 PM,01/18/2024 03:28:35 PM
165,187,Jack London Square,OK-N5,true,0,37.796248,-122.279352,12,POINT (-122.279352 37.796248),,,01/18/2024 03:30:44 PM,01/18/2024 03:28:35 PM
167,192,37th St at West St,OK-G3,true,23,37.82669559,-122.27179706,12,POINT (-122.271797061 37.826695586),,,01/18/2024 03:30:44 PM,01/18/2024 03:28:35 PM
168,212,Mosswood Park,OK-G5,true,31,37.82489253,-122.26043655,12,POINT (-122.260436546 37.82489253),,,01/18/2024 03:30:44 PM,01/18/2024 03:28:35 PM
169,231,14th St at Filbert St,OK-L3,true,19,37.808749829999996,-122.28328228,12,POINT (-122.28328228 37.808749835),,,01/18/2024 03:30:44 PM,01/18/2024 03:28:35 PM
170,224,21st St at 5th Ave,OK-L13,true,23,37.80045941,-122.2474587,12,POINT (-122.247458696 37.800459412),,,01/18/2024 03:30:44 PM,01/18/2024 03:28:35 PM
173,193,Grand Ave at Santa Clara Ave,OK-H9-1,true,19,37.8127441,-122.2472152,12,POINT (-122.2472152 37.8127441),,,01/18/2024 03:30:44 PM,01/18/2024 03:28:35 PM
176,228,Foothill Blvd at Harrington Ave,OK-K17,true,19,37.77993,-122.2177284,12,POINT (-122.2177284 37.77993),,,01/18/2024 03:30:44 PM,01/18/2024 03:28:35 PM
177,232,MLK Jr Way at 14th St,OK-L4,true,19,37.8061628,-122.2760402,12,POINT (-122.2760402 37.8061628),,,01/18/2024 03:30:44 PM,01/18/2024 03:28:35 PM
178,227,Foothill Blvd at Fruitvale Ave,OK-L16,true,15,37.7837569,-122.2226033,12,POINT (-122.2226033 37.7837569),,,01/18/2024 03:30:44 PM,01/18/2024 03:28:35 PM
179,230,14th St at Mandela Pkwy,OK-L1,true,15,37.8107432,-122.2914153,12,POINT (-122.2914153 37.8107432),,,01/18/2024 03:30:44 PM,01/18/2024 03:28:35 PM
180,191,Market St at 40th St,OK-G2,true,15,37.8305452,-122.2739367,12,POINT (-122.2739367 37.8305452),,,01/18/2024 03:30:44 PM,01/18/2024 03:28:35 PM
182,198,Snow Park,OK-J6-2,true,31,37.80781318,-122.26449609,12,POINT (-122.264496088 37.807813182),,,01/18/2024 03:30:44 PM,01/18/2024 03:28:35 PM
183,200,2nd Ave at E 18th St,OK-K9,true,27,37.80021357,-122.25381017,12,POINT (-122.253810167 37.800213567),,,01/18/2024 03:30:44 PM,01/18/2024 03:28:35 PM
184,196,Grand Ave at Perkins St,OK-I8,true,23,37.808893929999996,-122.25646019,12,POINT (-122.25646019 37.808893934),,,01/18/2024 03:30:44 PM,01/18/2024 03:28:35 PM
186,214,Market St at Brockhurst St,OK-H3,true,19,37.8233214,-122.2757325,12,POINT (-122.2757325 37.8233214),,,01/18/2024 03:30:44 PM,01/18/2024 03:28:35 PM
187,202,Washington St at 8th St,OK-M5,true,27,37.8007544,-122.2748943,12,POINT (-122.2748943 37.8007544),,,01/18/2024 03:30:44 PM,01/18/2024 03:28:35 PM
188,186,Lakeside Dr at 14th St,OK-L7-2,true,27,37.8013189,-122.2626418,12,POINT (-122.2626418 37.8013189),,,01/18/2024 03:30:44 PM,01/18/2024 03:28:35 PM
189,206,College Ave at Bryant Ave,OK-C5,true,23,37.8381269,-122.2512714,12,POINT (-122.2512714 37.8381269),,,01/18/2024 03:30:44 PM,01/18/2024 03:28:35 PM
190,204,55th St at Telegraph Ave,OK-C3,true,19,37.8401858,-122.2618225,12,POINT (-122.2618225 37.8401858),,,01/18/2024 03:30:44 PM,01/18/2024 03:28:35 PM
191,210,45th St at Manila,OK-E5,true,23,37.83329352,-122.25622416,12,POINT (-122.256224155 37.833293522),,,01/18/2024 03:30:44 PM,01/18/2024 03:28:35 PM
192,211,Broadway at 40th St,OK-F5,true,23,37.8277573,-122.2567156,12,POINT (-122.2567156 37.8277573),,,01/18/2024 03:30:44 PM,01/18/2024 03:28:35 PM
194,226,26th Ave at International Blvd,OK-M14,true,15,37.781123,-122.2329915,12,POINT (-122.2329915 37.781123),,,01/18/2024 03:30:44 PM,01/18/2024 03:28:35 PM
195,195,Bay Pl at Vernon St,OK-I6,true,23,37.81231409,-122.26077855,12,POINT (-122.260778546 37.812314091),,,01/18/2024 03:30:44 PM,01/18/2024 03:28:35 PM
196,220,San Pablo Ave at MLK Jr Way,OK-K4,true,19,37.8113514,-122.2734217,12,POINT (-122.2734217 37.8113514),,,01/18/2024 03:30:44 PM,01/18/2024 03:28:35 PM
171,229,Bond St at High St,OK-L19,true,19,37.77415256,-122.2123982,12,POINT (-122.212398201 37.774152564),,,01/18/2024 03:30:44 PM,01/18/2024 03:28:35 PM
172,188,Dover St at 57th St,OK-C2,true,15,37.8426295,-122.267738,12,POINT (-122.267738 37.8426295),,,01/18/2024 03:30:44 PM,01/18/2024 03:28:35 PM
174,209,45th St at MLK Jr Way,OK-E3,true,19,37.8335577,-122.2674183,12,POINT (-122.2674183 37.8335577),,,01/18/2024 03:30:44 PM,01/18/2024 03:28:35 PM
181,201,10th St at Fallon St,OK-L8,true,23,37.7976728,-122.2629973,12,POINT (-122.2629973 37.7976728),,,01/18/2024 03:30:44 PM,01/18/2024 03:28:35 PM
193,197,El Embarcadero at Grand Ave,OK-I9,true,23,37.8088479,-122.2496799,12,POINT (-122.2496799 37.8088479),,,01/18/2024 03:30:44 PM,01/18/2024 03:28:35 PM
197,225,23rd Ave at Foothill Blvd,OK-L14,true,15,37.7851915,-122.2343822,12,POINT (-122.2343822 37.7851915),,,01/18/2024 03:30:44 PM,01/18/2024 03:28:35 PM
198,189,Genoa St at 55th St,OK-D2,true,15,37.8396488,-122.2717561,12,POINT (-122.2717561 37.8396488),,,01/18/2024 03:30:44 PM,01/18/2024 03:28:35 PM
199,190,West St at 40th St,OK-F3,true,23,37.8302232,-122.2709501,12,POINT (-122.2709501 37.8302232),,,01/18/2024 03:30:44 PM,01/18/2024 03:28:35 PM
202,216,San Pablo Ave at 27th St,OK-I3,true,19,37.8178269,-122.2756976,12,POINT (-122.2756976 37.8178269),,,01/18/2024 03:30:44 PM,01/18/2024 03:28:35 PM
203,194,Lakeshore Ave at Trestle Glen Rd,OK-H9-2,true,15,37.8110807,-122.2432677,12,POINT (-122.2432677 37.8110807),,,01/18/2024 03:30:44 PM,01/18/2024 03:28:35 PM
204,218,DeFremery Park,OK-K2,true,0,37.8123315,-122.2851712,12,POINT (-122.2851712 37.8123315),,,01/18/2024 03:30:44 PM,01/18/2024 03:28:35 PM
205,219,Marston Campbell Park,OK-K3,true,19,37.8098236,-122.2801923,12,POINT (-122.2801923 37.8098236),,,01/18/2024 03:30:44 PM,01/18/2024 03:28:35 PM
206,233,4th Ave at E 12th St (Temporary Location),OK-L9,true,19,37.795913,-122.255547,12,POINT (-122.255547 37.795913),,,01/18/2024 03:30:44 PM,01/18/2024 03:28:35 PM
208,283,Delmas Ave and San Fernando St,SJ-M8-2,true,19,37.3302641,-121.8977018,5,POINT (-121.8977018 37.3302641),,,01/18/2024 03:30:44 PM,01/18/2024 03:28:35 PM
209,243,Bancroft Way at College Ave,BK-D10,true,30,37.8693603,-122.2543374,14,POINT (-122.2543374 37.8693603),,,01/18/2024 03:30:44 PM,01/18/2024 03:28:35 PM
210,249,Russell St at College Ave,BK-H10,true,19,37.8584732,-122.2532529,14,POINT (-122.2532529 37.8584732),,,01/18/2024 03:30:44 PM,01/18/2024 03:28:35 PM
211,234,Farnam St at Fruitvale Ave,OK-M16,true,0,37.778058,-122.22540000000001,12,POINT (-122.2254 37.778058),,,01/18/2024 03:30:44 PM,01/18/2024 03:28:35 PM
212,256,Hearst Ave at Euclid Ave,BK-C9,true,15,37.87511169,-122.26055324,14,POINT (-122.260553241 37.875111693),,,01/18/2024 03:30:44 PM,01/18/2024 03:28:35 PM
185,215,34th St at Telegraph Ave,OK-H4-3,true,23,37.8225475,-122.2663179,12,POINT (-122.2663179 37.8225475),,,01/18/2024 03:30:44 PM,01/18/2024 03:28:35 PM
200,208,4th St at San Carlos St,SJ-N10-1,true,19,37.33279952,-121.8838504,5,POINT (-121.883850396 37.332799524),,,01/18/2024 03:30:44 PM,01/18/2024 03:28:35 PM
201,217,27th St at MLK Jr Way,OK-I4,true,19,37.8170154,-122.2717615,12,POINT (-122.2717615 37.8170154),,,01/18/2024 03:30:44 PM,01/18/2024 03:28:35 PM
207,279,Santa Clara St at 7th St,SJ-M11-1,true,15,37.3391456,-121.8841054,5,POINT (-121.8841054 37.3391456),,,01/18/2024 03:30:44 PM,01/18/2024 03:28:35 PM
213,240,Haste St at Telegraph Ave,BK-E9-2,true,19,37.8660431,-122.2588044,14,POINT (-122.2588044 37.8660431),,,01/18/2024 03:30:44 PM,01/18/2024 03:28:35 PM
214,236,Market St at 8th St,OK-M4,true,23,37.8036865,-122.282497,12,POINT (-122.282497 37.8036865),,,01/18/2024 03:30:44 PM,01/18/2024 03:28:35 PM
215,276,Julian St at The Alameda,SJ-K5,true,23,37.3322326,-121.9125165,5,POINT (-121.9125165 37.3322326),,,01/18/2024 03:30:44 PM,01/18/2024 03:28:35 PM
216,254,Vine St at Shattuck Ave,BK-A7,true,15,37.88022245,-122.26959229,14,POINT (-122.269592285 37.880222446),,,01/18/2024 03:30:44 PM,01/18/2024 03:28:35 PM
218,241,Ashby BART Station,BK-H6,true,23,37.8524766,-122.2702132,14,POINT (-122.2702132 37.8524766),,,01/18/2024 03:30:44 PM,01/18/2024 03:28:35 PM
219,242,Milvia St at Derby St,BK-F7,true,23,37.8601246,-122.26938441,14,POINT (-122.269384414 37.860124599),,,01/18/2024 03:30:44 PM,01/18/2024 03:28:35 PM
220,237,Fruitvale BART Station,OK-N17,true,15,37.7752321,-122.2244982,12,POINT (-122.2244982 37.7752321),,,01/18/2024 03:30:44 PM,01/18/2024 03:28:35 PM
222,244,Shattuck Ave at Hearst Ave,BK-C7,true,23,37.87367621,-122.26848722,14,POINT (-122.268487215 37.873676215),,,01/18/2024 03:30:44 PM,01/18/2024 03:28:35 PM
223,252,Channing Way at Shattuck Ave,BK-E7,true,23,37.8658466,-122.2674431,14,POINT (-122.2674431 37.8658466),,,01/18/2024 03:30:44 PM,01/18/2024 03:28:35 PM
224,274,Oregon St at Adeline St,BK-G7,true,20,37.8575672,-122.2675583,14,POINT (-122.2675583 37.8575672),,,01/18/2024 03:30:44 PM,01/18/2024 03:28:35 PM
225,253,Haste St at College Ave,BK-E10,true,23,37.86641794,-122.25379944,14,POINT (-122.253799438 37.866417941),,,01/18/2024 03:30:44 PM,01/18/2024 03:28:35 PM
226,263,Channing Way at San Pablo Ave,BK-E3,true,23,37.8628271,-122.2902305,14,POINT (-122.2902305 37.8628271),,,01/18/2024 03:30:44 PM,01/18/2024 03:28:35 PM
227,250,North Berkeley BART Station,BK-C5,true,27,37.873557999999996,-122.283093,14,POINT (-122.283093 37.873558),,,01/18/2024 03:30:44 PM,01/18/2024 03:28:35 PM
228,280,San Fernando St at 7th St,SJ-M11-2,true,23,37.33712237,-121.88321471,5,POINT (-121.883214712 37.337122373),,,01/18/2024 03:30:44 PM,01/18/2024 03:28:35 PM
229,246,Berkeley Civic Center,BK-D7-2,true,27,37.8690599,-122.270556,14,POINT (-122.270556 37.8690599),,,01/18/2024 03:30:44 PM,01/18/2024 03:28:35 PM
230,267,Derby St at College Ave,BK-F10,true,19,37.8618037,-122.2535687,14,POINT (-122.2535687 37.8618037),,,01/18/2024 03:30:44 PM,01/18/2024 03:28:35 PM
232,273,Fulton St at Ashby Ave,BK-H8,true,19,37.85557366,-122.26356536,14,POINT (-122.263565361 37.855573662),,,01/18/2024 03:30:44 PM,01/18/2024 03:28:35 PM
221,269,Telegraph Ave at Carleton St,BK-F9,true,19,37.8623199,-122.258801,14,POINT (-122.258801 37.8623199),,,01/18/2024 03:30:44 PM,01/18/2024 03:28:35 PM
231,262,West St at University Ave,BK-D4,true,15,37.86996671,-122.28653312,14,POINT (-122.286533117 37.869966708),,,01/18/2024 03:30:44 PM,01/18/2024 03:28:35 PM
233,258,University Ave at Oxford St,BK-C8,true,23,37.8723555,-122.2664467,14,POINT (-122.2664467 37.8723555),,,01/18/2024 03:30:44 PM,01/18/2024 03:28:35 PM
234,277,W Julian St at N Morrison St,SJ-K6,true,19,37.33367712,-121.90861791,5,POINT (-121.908617914 37.333677123),,,01/18/2024 03:30:44 PM,01/18/2024 03:28:35 PM
235,265,Ninth St at Parker St,BK-F2,true,15,37.8588682,-122.2912095,14,POINT (-122.2912095 37.8588682),,,01/18/2024 03:30:44 PM,01/18/2024 03:28:35 PM
236,275,Julian St at 6th St,SJ-K11,true,15,37.3429973,-121.8888891,5,POINT (-121.8888891 37.3429973),,,01/18/2024 03:30:44 PM,01/18/2024 03:28:35 PM
237,247,Fulton St at Bancroft Way,BK-E8,true,23,37.8677892,-122.2658964,14,POINT (-122.2658964 37.8677892),,,01/18/2024 03:30:44 PM,01/18/2024 03:28:35 PM
239,238,MLK Jr Way at University Ave,BK-C6,true,23,37.8717192,-122.2730677,14,POINT (-122.2730677 37.8717192),,,01/18/2024 03:30:44 PM,01/18/2024 03:28:35 PM
241,271,San Pablo Park,BK-G4,true,19,37.85578332,-122.28312671,14,POINT (-122.283126712 37.85578332),,,01/18/2024 03:30:44 PM,01/18/2024 03:28:35 PM
242,235,Union St at 10th St,OK-M2,true,19,37.8072393,-122.2893702,12,POINT (-122.2893702 37.8072393),,,01/18/2024 03:30:44 PM,01/18/2024 03:28:35 PM
243,239,Bancroft Way at Telegraph Ave,BK-E9-1,true,23,37.8688126,-122.258764,14,POINT (-122.258764 37.8688126),,,01/18/2024 03:30:44 PM,01/18/2024 03:28:35 PM
244,257,Fifth St at Delaware St,BK-C1,true,15,37.87040712,-122.29967594,14,POINT (-122.299675941 37.870407115),,,01/18/2024 03:30:44 PM,01/18/2024 03:28:35 PM
245,248,Telegraph Ave at Ashby Ave,BK-H9,true,19,37.8559558,-122.2597949,14,POINT (-122.2597949 37.8559558),,,01/18/2024 03:30:44 PM,01/18/2024 03:28:35 PM
246,259,Addison St at Fourth St,BK-D1,true,23,37.866248999999996,-122.2993708,14,POINT (-122.2993708 37.866249),,,01/18/2024 03:30:44 PM,01/18/2024 03:28:35 PM
247,255,Virginia St at Shattuck Ave,BK-B7,true,23,37.87657255,-122.26952791,14,POINT (-122.269527912 37.876572549),,,01/18/2024 03:30:44 PM,01/18/2024 03:28:35 PM
248,268,Ellsworth St at Russell St,BK-G8,true,15,37.85749021,-122.26157784,14,POINT (-122.261577845 37.857490215),,,01/18/2024 03:30:44 PM,01/18/2024 03:28:35 PM
249,270,Ninth St at Heinz Ave,BK-H3,true,15,37.85390696,-122.28969812,14,POINT (-122.289698124 37.853906962),,,01/18/2024 03:30:44 PM,01/18/2024 03:28:35 PM
250,266,Parker St at Fulton St,BK-F8,true,23,37.8624644,-122.2647911,14,POINT (-122.2647911 37.8624644),,,01/18/2024 03:30:44 PM,01/18/2024 03:28:35 PM
251,281,9th St at San Fernando St,SJ-M11-3,true,19,37.3383952,-121.8807965,5,POINT (-121.8807965 37.3383952),,,01/18/2024 03:30:44 PM,01/18/2024 03:28:35 PM
253,245,Downtown Berkeley BART,BK-D7-1,true,29,37.870139,-122.268422,14,POINT (-122.268422 37.870139),,,01/18/2024 03:30:44 PM,01/18/2024 03:28:35 PM
255,311,Paseo De San Antonio at 2nd St,SJ-M10-3,true,19,37.333798,-121.886943,5,POINT (-121.886943 37.333798),,,01/18/2024 03:30:44 PM,01/18/2024 03:28:35 PM
257,296,5th St at Virginia St,SJ-P10,true,27,37.3259984,-121.87711999999999,5,POINT (-121.87712 37.3259984),,,01/18/2024 03:30:44 PM,01/18/2024 03:28:35 PM
259,292,Empire St at 1st St,SJ-J9,true,19,37.3448821,-121.8969655,5,POINT (-121.8969655 37.3448821),,,01/18/2024 03:30:44 PM,01/18/2024 03:28:35 PM
260,298,Oak St at 1st St,SJ-P9,true,23,37.32212463,-121.8810904,5,POINT (-121.881090403 37.322124625),,,01/18/2024 03:30:44 PM,01/18/2024 03:28:35 PM
238,251,California St at University Ave,BK-D5,true,15,37.87055533,-122.27972031,14,POINT (-122.279720306 37.870555329),,,01/18/2024 03:30:44 PM,01/18/2024 03:28:35 PM
252,282,E Virginia St at S 2nd St,SJ-P10-2,true,19,37.324414,-121.88078,5,POINT (-121.88078 37.324414),,,01/18/2024 03:30:44 PM,01/18/2024 03:28:35 PM
254,278,The Alameda at Bush St,SJ-L7-2,true,23,37.3319323,-121.9048882,5,POINT (-121.9048882 37.3319323),,,01/18/2024 03:30:44 PM,01/18/2024 03:28:35 PM
256,313,Almaden Blvd at San Fernando St,SJ-M8-1,true,23,37.331415,-121.89320000000001,5,POINT (-121.8932 37.331415),,,01/18/2024 03:30:44 PM,01/18/2024 03:28:35 PM
258,307,SAP Center,SJ-L7-1,true,23,37.332692,-121.90008399999999,5,POINT (-121.900084 37.332692),,,01/18/2024 03:30:44 PM,01/18/2024 03:28:35 PM
261,290,George St at 1st St,SJ-I9,true,19,37.34759257,-121.89966202,5,POINT (-121.899662018 37.347592574),,,01/18/2024 03:30:44 PM,01/18/2024 03:28:35 PM
262,309,San Jose City Hall,SJ-M10-1,true,23,37.337391,-121.886995,5,POINT (-121.886995 37.337391),,,01/18/2024 03:30:44 PM,01/18/2024 03:28:35 PM
263,314,Santa Clara St at Almaden Blvd,SJ-M9-2,true,11,37.333988,-121.894902,5,POINT (-121.894902 37.333988),,,01/18/2024 03:30:44 PM,01/18/2024 03:28:35 PM
264,287,Almaden Blvd at Balbach St,SJ-O9,true,19,37.32673,-121.8892731,5,POINT (-121.8892731 37.32673),,,01/18/2024 03:30:44 PM,01/18/2024 03:28:35 PM
265,297,Locust St at Grant St,SJ-P8,true,19,37.3229796,-121.8879312,5,POINT (-121.8879312 37.3229796),,,01/18/2024 03:30:44 PM,01/18/2024 03:28:35 PM
266,295,William St at 10th St,SJ-O12,true,23,37.3327938,-121.8759263,5,POINT (-121.8759263 37.3327938),,,01/18/2024 03:30:44 PM,01/18/2024 03:28:35 PM
267,306,Saint James Park,SJ-L10,true,15,37.339301,-121.889937,5,POINT (-121.889937 37.339301),,,01/18/2024 03:30:44 PM,01/18/2024 03:28:35 PM
268,317,San Salvador St at 9th St,SJ-N11,true,19,37.333954999999996,-121.877349,5,POINT (-121.877349 37.333955),,,01/18/2024 03:30:44 PM,01/18/2024 03:28:35 PM
269,286,San Carlos St at 11th St,SJ-N12-1,true,19,37.3364659,-121.8766132,5,POINT (-121.8766132 37.3364659),,,01/18/2024 03:30:44 PM,01/18/2024 03:28:35 PM
270,312,San Jose Diridon Station,SJ-M7-1,true,35,37.329732,-121.901782,5,POINT (-121.901782 37.329732),,,01/18/2024 03:30:44 PM,01/18/2024 03:28:35 PM
271,291,Autumn Parkway at Coleman Ave,SJ-J8,true,15,37.3413348,-121.9031829,5,POINT (-121.9031829 37.3413348),,,01/18/2024 03:30:44 PM,01/18/2024 03:28:35 PM
272,300,Palm St at Willow St,SJ-Q8,true,19,37.3172979,-121.884995,5,POINT (-121.884995 37.3172979),,,01/18/2024 03:30:44 PM,01/18/2024 03:28:35 PM
273,318,San Carlos St at Market St,SJ-N9,true,15,37.330698,-121.888979,5,POINT (-121.888979 37.330698),,,01/18/2024 03:30:44 PM,01/18/2024 03:28:35 PM
274,308,San Pedro Square,SJ-L9,true,15,37.336802,-121.8940901,5,POINT (-121.8940901 37.336802),,,01/18/2024 03:30:44 PM,01/18/2024 03:28:35 PM
275,316,1st St at San Carlos St,SJ-N10-2,true,3,37.33116799,-121.88693762,5,POINT (-121.886937618 37.331167994),,,01/18/2024 03:30:44 PM,01/18/2024 03:28:35 PM
276,288,Mission St at 1st St,SJ-H10,true,27,37.3509643,-121.9020161,5,POINT (-121.9020161 37.3509643),,,01/18/2024 03:30:44 PM,01/18/2024 03:28:35 PM
277,310,San Fernando St at 4th St,SJ-M10-2,true,23,37.335885,-121.88566,5,POINT (-121.88566 37.335885),,,01/18/2024 03:30:44 PM,01/18/2024 03:28:35 PM
278,289,5th St at Taylor St,SJ-I10,true,23,37.35090179,-121.89584255,5,POINT (-121.895842552 37.350901793),,,01/18/2024 03:30:44 PM,01/18/2024 03:28:35 PM
279,299,Bestor Art Park,SJ-Q11,true,15,37.3236779,-121.8741186,5,POINT (-121.8741186 37.3236779),,,01/18/2024 03:30:44 PM,01/18/2024 03:28:35 PM
280,315,Market St at 45th St,OK-F2-2,true,15,37.834174,-122.27296799999999,12,POINT (-122.272968 37.834174),,,01/18/2024 03:30:44 PM,01/18/2024 03:28:35 PM
282,294,Pierce Ave at Market St,SJ-O10,true,27,37.327580999999995,-121.884559,5,POINT (-121.884559 37.327581),,,01/18/2024 03:30:44 PM,01/18/2024 03:28:35 PM
283,305,Ryland Park,SJ-K9,true,23,37.342725,-121.895617,5,POINT (-121.895617 37.342725),,,01/18/2024 03:30:44 PM,01/18/2024 03:28:35 PM
285,301,Willow St at Vine St,SJ-Q9,true,15,37.3184498,-121.8831724,5,POINT (-121.8831724 37.3184498),,,01/18/2024 03:30:44 PM,01/18/2024 03:28:35 PM
286,303,San Pedro St at Hedding St,SJ-H9,true,23,37.352601,-121.905733,5,POINT (-121.905733 37.352601),,,01/18/2024 03:30:44 PM,01/18/2024 03:28:35 PM
288,304,Jackson St at 5th St,SJ-J10,true,27,37.34875869,-121.89479783,5,POINT (-121.894797832 37.348758687),,,01/18/2024 03:30:44 PM,01/18/2024 03:28:35 PM
289,341,Fountain Alley at S 2nd St,SJ-M10-4,true,11,37.3361883,-121.8892765,5,POINT (-121.889276505 37.3361883),,,01/18/2024 03:30:44 PM,01/18/2024 03:28:35 PM
292,351,10th St at University Ave,BK-D2,true,19,37.86906048,-122.29339957,14,POINT (-122.293399572 37.869060475),,,01/18/2024 03:30:44 PM,01/18/2024 03:28:35 PM
294,340,Harmon St at Adeline St,BK-I6,true,15,37.849734999999995,-122.27058199999999,14,POINT (-122.270582 37.849735),,,01/18/2024 03:30:44 PM,01/18/2024 03:28:35 PM
298,338,13th St at Franklin St,OK-L6,true,23,37.80318908,-122.27057934,12,POINT (-122.270579338 37.803189081),,,01/18/2024 03:30:44 PM,01/18/2024 03:28:35 PM
301,339,Jackson St at 11th St,OK-L7,true,27,37.80000163,-122.26643801,12,POINT (-122.266438007 37.800001631),,,01/18/2024 03:30:44 PM,01/18/2024 03:28:35 PM
304,388,Backesto Park (Jackson St at 13th St),SJ-J12-2,true,15,37.35288683,-121.88604981,5,POINT (-121.886049807 37.352886827),,,01/18/2024 03:30:44 PM,01/18/2024 03:28:35 PM
306,327,5th St at San Salvador St,SJ-N10-3,true,19,37.33203868,-121.88176632,5,POINT (-121.881766319 37.332038681),,,01/18/2024 03:30:44 PM,01/18/2024 03:28:35 PM
309,337,Webster St at 19th St,OK-K6,true,27,37.80696976,-122.26658821,12,POINT (-122.266588211 37.806969761),,,01/18/2024 03:30:44 PM,01/18/2024 03:28:35 PM
312,391,1st St at Younger Ave,SJ-G10,true,19,37.35502958,-121.90443635,5,POINT (-121.90443635 37.355029582),,,01/18/2024 03:30:44 PM,01/18/2024 03:28:35 PM
313,378,7th St at Empire St,SJ-J11,true,31,37.34771198,-121.89055324,5,POINT (-121.890553236 37.347711982),,,01/18/2024 03:30:44 PM,01/18/2024 03:28:35 PM
314,385,Woolsey St at Sacramento St,BK-I5,true,14,37.8505777,-122.2781754,14,POINT (-122.2781754 37.8505777),,,01/18/2024 03:30:44 PM,01/18/2024 03:28:35 PM
317,394,10th St at Empire St,SJ-J12-1,true,23,37.34942631,-121.8876189,5,POINT (-121.887618899 37.349426309),,,01/18/2024 03:30:44 PM,01/18/2024 03:28:35 PM
322,389,Taylor St at 9th St,SJ-I11,true,23,37.35306166,-121.89193726,5,POINT (-121.891937256 37.353061661),,,01/18/2024 03:30:44 PM,01/18/2024 03:28:35 PM
323,372,Madison St at 17th St,OK-K7,true,19,37.80403678,-122.26240933,12,POINT (-122.262409329 37.804036784),,,01/18/2024 03:30:44 PM,01/18/2024 03:28:35 PM
325,392,Sonora Ave at 1st St,SJ-E9,true,15,37.36406046,-121.91173196,5,POINT (-121.911731958 37.364060462),,,01/18/2024 03:30:44 PM,01/18/2024 03:28:35 PM
328,395,Kerley Dr at Rosemary St,SJ-F10,true,27,37.36085416,-121.90683424,5,POINT (-121.906834245 37.360854155),,,01/18/2024 03:30:44 PM,01/18/2024 03:28:35 PM
332,393,Asbury St at The Alameda,SJ-I5,true,23,37.33802231,-121.91947818,5,POINT (-121.919478178 37.338022313),,,01/18/2024 03:30:44 PM,01/18/2024 03:28:35 PM
334,357,2nd St at Julian St,SJ-K10,true,23,37.34113204,-121.89284384,5,POINT (-121.892843843 37.341132035),,,01/18/2024 03:30:44 PM,01/18/2024 03:28:35 PM
337,396,Metro Dr at Technology Dr,SJ-C9,true,23,37.36767805,-121.91879421,5,POINT (-121.918794215 37.367678052),,,01/18/2024 03:30:44 PM,01/18/2024 03:28:35 PM
339,417,Park Ave at Race St,SJ-M5,true,23,37.32601085,-121.91232741,5,POINT (-121.912327409 37.326010848),,,01/18/2024 03:30:44 PM,01/18/2024 03:28:35 PM
340,402,Raymond Bernal Jr Memorial Park (8th St at Hedding St),SJ-H11,true,23,37.35683435,-121.89593576,5,POINT (-121.895935759 37.356834353),,,01/18/2024 03:30:44 PM,01/18/2024 03:28:35 PM
341,418,17th St at Santa Clara St,SJ-L13,true,19,37.34398468,-121.87438488,5,POINT (-121.87438488 37.343984678),,,01/18/2024 03:30:44 PM,01/18/2024 03:28:35 PM
344,423,South San Jose State (7th St at Humboldt St),SJ-R11,true,31,37.32031582,-121.87009871,5,POINT (-121.87009871 37.320315821),,,01/18/2024 03:30:44 PM,01/18/2024 03:28:35 PM
347,443,3rd St at Keyes St,SJ-Q10,true,23,37.32086615,-121.87627852,5,POINT (-121.87627852 37.320866146),,,01/18/2024 03:30:44 PM,01/18/2024 03:28:35 PM
351,401,Skyport Dr at Technology Dr,SJ-D9,true,19,37.36522655,-121.91681474,5,POINT (-121.916814744 37.365226552),,,01/18/2024 03:30:44 PM,01/18/2024 03:28:35 PM
353,416,Auzerais Ave at Los Gatos Creek Trail,SJ-N6,true,23,37.32118183,-121.90308988,5,POINT (-121.903089881 37.321181834),,,01/18/2024 03:30:44 PM,01/18/2024 03:28:35 PM
355,422,Stockton Ave at Lenzen Ave,SJ-J6,true,23,37.33677476,-121.90914899,5,POINT (-121.909148991 37.336774763),,,01/18/2024 03:30:44 PM,01/18/2024 03:28:35 PM
359,405,Sunol St at San Carlos St,SJ-N5,true,27,37.32345134,-121.90597594,5,POINT (-121.905975938 37.323451339),,,01/18/2024 03:30:44 PM,01/18/2024 03:28:35 PM
362,425,Bird Ave at Willow St,SJ-Q5,true,19,37.31128395,-121.89632535,5,POINT (-121.89632535 37.311283946),,,01/18/2024 03:30:44 PM,01/18/2024 03:28:35 PM
364,403,10th St at Mission St,SJ-H12,true,23,37.35569265,-121.89225107,5,POINT (-121.892251074 37.355692651),,,01/18/2024 03:30:44 PM,01/18/2024 03:28:35 PM
365,404,21st St at Santa Clara St,SJ-M14,true,19,37.3457588,-121.87067807,5,POINT (-121.870678067 37.345758795),,,01/18/2024 03:30:44 PM,01/18/2024 03:28:35 PM
367,444,Mercado Way at Sierra Rd,SJ-G15,true,19,37.37111641,-121.8813318,5,POINT (-121.881331801 37.371116413),,,01/18/2024 03:30:44 PM,01/18/2024 03:28:35 PM
371,427,Auzerais Ave at Lincoln Ave,SJ-N5-2,true,27,37.32096853,-121.90829605,5,POINT (-121.908296049 37.320968531),,,01/18/2024 03:30:44 PM,01/18/2024 03:28:35 PM
373,407,Bird Ave at Coe Ave,SJ-P6,true,15,37.31515793,-121.89783275,5,POINT (-121.897832751 37.31515793),,,01/18/2024 03:30:44 PM,01/18/2024 03:28:35 PM
374,409,2100 Powell St,EM-B0-2,true,23,37.83954308,-122.29871772,13,POINT (-122.298717722 37.839543083),,,01/18/2024 03:30:44 PM,01/18/2024 03:28:35 PM
376,397,Gish Rd at 1st St,SJ-E10,true,23,37.3618668,-121.90931529,5,POINT (-121.909315288 37.3618668),,,01/18/2024 03:30:44 PM,01/18/2024 03:28:35 PM
377,406,Parkmoor Ave at Race St,SJ-O4,true,27,37.31673648,-121.91000462,5,POINT (-121.910004616 37.316736478),,,01/18/2024 03:30:44 PM,01/18/2024 03:28:35 PM
378,442,Newbury Park Dr at King Rd,SJ-H17,true,23,37.36553566,-121.86796635,5,POINT (-121.867966354 37.365535659),,,01/18/2024 03:30:44 PM,01/18/2024 03:28:35 PM
380,415,Delmas Ave at Virginia St,SJ-P7,true,19,37.31975696,-121.89299941,5,POINT (-121.892999411 37.31975696),,,01/18/2024 03:30:44 PM,01/18/2024 03:28:35 PM
385,426,San Carlos St at Meridian Ave,SJ-M4,true,19,37.32334469,-121.91349685,5,POINT (-121.913496852 37.323344691),,,01/18/2024 03:30:44 PM,01/18/2024 03:28:35 PM
401,473,Willow St at Blewett Ave,SJ-Q4,true,23,37.30901407,-121.9000107,5,POINT (-121.900010705 37.309014074),,,01/18/2024 03:30:44 PM,01/18/2024 03:28:35 PM
402,470,N 14th St at E Santa Clara St,SJ-L12,true,23,37.34266259,-121.87729239,5,POINT (-121.877292395 37.342662592),,,01/18/2024 03:30:44 PM,01/18/2024 03:28:35 PM
404,472,Columbia Ave at Bird Ave,SJ-N7,true,23,37.32412595,-121.89971969,5,POINT (-121.899719685 37.324125951),,,01/18/2024 03:30:44 PM,01/18/2024 03:28:35 PM
406,476,19th St at William St,SJ-N14-2,true,15,37.33846801,-121.86652064,5,POINT (-121.866520643 37.338468014),,,01/18/2024 03:30:44 PM,01/18/2024 03:28:35 PM
410,491,Devine St at San Pedro St,SJ-L9-2,true,23,37.3386706,-121.89564407,5,POINT (-121.895644069 37.338670605),,,01/18/2024 03:30:44 PM,01/18/2024 03:28:35 PM
411,475,22nd St at William St,SJ-N14,true,15,37.34037874,-121.86402082,5,POINT (-121.864020824 37.340378741),,,01/18/2024 03:30:44 PM,01/18/2024 03:28:35 PM
417,495,St James St at 9th St,SJ-L11,true,19,37.34320849,-121.88438952,5,POINT (-121.88438952 37.343208488),,,01/18/2024 03:30:44 PM,01/18/2024 03:28:35 PM
419,494,Park Ave at Laurel Grove Ln,SJ-M6-2,true,19,37.32628232,-121.9049111,5,POINT (-121.904911101 37.326282324),,,01/18/2024 03:30:44 PM,01/18/2024 03:28:35 PM
961,546,13th St at Webster St,OK-L6-2,true,19,37.8026884,-122.26914637,,POINT (-122.269146368 37.802688402),,,01/18/2024 03:30:44 PM,01/18/2024 03:28:35 PM
349,421,23rd St at Taylor St,SJ-I14,true,19,37.36000139,-121.87877834,5,POINT (-121.878778338 37.360001391),,,01/18/2024 03:30:44 PM,01/18/2024 03:28:35 PM
